-- phpMyAdmin SQL Dump
-- version 5.1.1
-- https://www.phpmyadmin.net/
--
-- Host: localhost:3306
-- Generation Time: Oct 31, 2021 at 08:46 AM
-- Server version: 5.7.33
-- PHP Version: 8.0.8

SET SQL_MODE = "NO_AUTO_VALUE_ON_ZERO";
START TRANSACTION;
SET time_zone = "+00:00";


/*!40101 SET @OLD_CHARACTER_SET_CLIENT=@@CHARACTER_SET_CLIENT */;
/*!40101 SET @OLD_CHARACTER_SET_RESULTS=@@CHARACTER_SET_RESULTS */;
/*!40101 SET @OLD_COLLATION_CONNECTION=@@COLLATION_CONNECTION */;
/*!40101 SET NAMES utf8mb4 */;

--
-- Database: `quiz`
--

-- --------------------------------------------------------

--
-- Table structure for table `categories`
--

CREATE TABLE `categories` (
  `id` bigint(20) UNSIGNED NOT NULL,
  `name` varchar(255) COLLATE utf8mb4_unicode_ci NOT NULL,
  `created_at` timestamp NULL DEFAULT NULL,
  `updated_at` timestamp NULL DEFAULT NULL
) ENGINE=InnoDB DEFAULT CHARSET=utf8mb4 COLLATE=utf8mb4_unicode_ci;

--
-- Dumping data for table `categories`
--

INSERT INTO `categories` (`id`, `name`, `created_at`, `updated_at`) VALUES
(1, 'Irnanto Pangestu', '2021-10-31 01:06:34', '2021-10-31 01:06:34'),
(2, 'Wisnu Wibisono', '2021-10-31 01:06:34', '2021-10-31 01:06:34'),
(3, 'Lidya Melani', '2021-10-31 01:06:34', '2021-10-31 01:06:34'),
(4, 'Kenari Tampubolon', '2021-10-31 01:06:34', '2021-10-31 01:06:34'),
(5, 'Zulfa Cinta Nasyiah S.Kom', '2021-10-31 01:06:34', '2021-10-31 01:06:34'),
(6, 'Nasab Koko Zulkarnain', '2021-10-31 01:06:34', '2021-10-31 01:06:34'),
(7, 'Adiarja Luhung Latupono', '2021-10-31 01:06:34', '2021-10-31 01:06:34'),
(8, 'Calista Wahyuni', '2021-10-31 01:06:34', '2021-10-31 01:06:34'),
(9, 'Arta Ardianto', '2021-10-31 01:06:34', '2021-10-31 01:06:34'),
(10, 'Puti Lala Hartati M.Ak', '2021-10-31 01:06:34', '2021-10-31 01:06:34'),
(11, 'Vero Mahendra', '2021-10-31 01:06:34', '2021-10-31 01:06:34'),
(12, 'Garda Sihotang', '2021-10-31 01:06:35', '2021-10-31 01:06:35'),
(13, 'Nasrullah Situmorang', '2021-10-31 01:06:35', '2021-10-31 01:06:35'),
(14, 'Eka Suartini', '2021-10-31 01:06:35', '2021-10-31 01:06:35'),
(15, 'Ajiman Waskita', '2021-10-31 01:06:35', '2021-10-31 01:06:35'),
(16, 'Heru Estiono Utama S.Pd', '2021-10-31 01:06:35', '2021-10-31 01:06:35'),
(17, 'Vicky Oktaviani', '2021-10-31 01:06:35', '2021-10-31 01:06:35'),
(18, 'Hani Kusmawati', '2021-10-31 01:06:35', '2021-10-31 01:06:35'),
(19, 'Endah Riyanti', '2021-10-31 01:06:35', '2021-10-31 01:06:35'),
(20, 'Iriana Mayasari', '2021-10-31 01:06:35', '2021-10-31 01:06:35'),
(21, 'Garang Salahudin', '2021-10-31 01:06:35', '2021-10-31 01:06:35'),
(22, 'Rendy Martaka Dongoran', '2021-10-31 01:06:35', '2021-10-31 01:06:35'),
(23, 'Qori Talia Kusmawati S.Pd', '2021-10-31 01:06:35', '2021-10-31 01:06:35'),
(24, 'Calista Hasanah', '2021-10-31 01:06:35', '2021-10-31 01:06:35'),
(25, 'Eluh Narpati', '2021-10-31 01:06:35', '2021-10-31 01:06:35'),
(26, 'Saadat Putra', '2021-10-31 01:06:35', '2021-10-31 01:06:35'),
(27, 'Ciaobella Oliva Susanti', '2021-10-31 01:06:36', '2021-10-31 01:06:36'),
(28, 'Viman Simbolon', '2021-10-31 01:06:36', '2021-10-31 01:06:36'),
(29, 'Bakijan Hardiansyah', '2021-10-31 01:06:36', '2021-10-31 01:06:36'),
(30, 'Patricia Farida', '2021-10-31 01:06:36', '2021-10-31 01:06:36'),
(31, 'Harjaya Nababan M.Farm', '2021-10-31 01:06:36', '2021-10-31 01:06:36'),
(32, 'Karta Makuta Prakasa', '2021-10-31 01:06:36', '2021-10-31 01:06:36'),
(33, 'Emong Kusumo', '2021-10-31 01:06:36', '2021-10-31 01:06:36'),
(34, 'Agnes Winarsih', '2021-10-31 01:06:36', '2021-10-31 01:06:36'),
(35, 'Radika Kuncara Ramadan S.Gz', '2021-10-31 01:06:36', '2021-10-31 01:06:36'),
(36, 'Galih Waskita', '2021-10-31 01:06:36', '2021-10-31 01:06:36'),
(37, 'Cinthia Ella Maryati M.Ak', '2021-10-31 01:06:36', '2021-10-31 01:06:36'),
(38, 'Cakrajiya Sihotang', '2021-10-31 01:06:36', '2021-10-31 01:06:36'),
(39, 'Siska Iriana Maryati', '2021-10-31 01:06:36', '2021-10-31 01:06:36'),
(40, 'Edward Sihombing', '2021-10-31 01:06:36', '2021-10-31 01:06:36'),
(41, 'Tri Ikin Marbun', '2021-10-31 01:06:36', '2021-10-31 01:06:36'),
(42, 'Malika Yulianti', '2021-10-31 01:06:37', '2021-10-31 01:06:37'),
(43, 'Karya Firgantoro', '2021-10-31 01:06:37', '2021-10-31 01:06:37'),
(44, 'Widya Kania Yuliarti', '2021-10-31 01:06:37', '2021-10-31 01:06:37'),
(45, 'Yosef Maryadi', '2021-10-31 01:06:37', '2021-10-31 01:06:37'),
(46, 'Maman Kenari Simanjuntak', '2021-10-31 01:06:37', '2021-10-31 01:06:37'),
(47, 'Ratna Nurdiyanti', '2021-10-31 01:06:37', '2021-10-31 01:06:37'),
(48, 'Hani Violet Nasyidah S.Farm', '2021-10-31 01:06:37', '2021-10-31 01:06:37'),
(49, 'Gambira Anggriawan S.T.', '2021-10-31 01:06:37', '2021-10-31 01:06:37'),
(50, 'Puti Widiastuti', '2021-10-31 01:06:37', '2021-10-31 01:06:37'),
(51, 'Nadine Riyanti', '2021-10-31 01:06:37', '2021-10-31 01:06:37'),
(52, 'Jaeman Sabri Dongoran', '2021-10-31 01:06:37', '2021-10-31 01:06:37'),
(53, 'Raina Nasyidah', '2021-10-31 01:06:37', '2021-10-31 01:06:37'),
(54, 'Devi Nasyiah', '2021-10-31 01:06:37', '2021-10-31 01:06:37'),
(55, 'Margana Haryanto', '2021-10-31 01:06:37', '2021-10-31 01:06:37'),
(56, 'Rahman Januar S.Pd', '2021-10-31 01:06:37', '2021-10-31 01:06:37'),
(57, 'Mariadi Simbolon', '2021-10-31 01:06:37', '2021-10-31 01:06:37'),
(58, 'Farah Safina Hasanah', '2021-10-31 01:06:38', '2021-10-31 01:06:38'),
(59, 'Fitriani Farida', '2021-10-31 01:06:38', '2021-10-31 01:06:38'),
(60, 'Teguh Firgantoro', '2021-10-31 01:06:38', '2021-10-31 01:06:38'),
(61, 'Luthfi Karna Sitorus S.I.Kom', '2021-10-31 01:06:38', '2021-10-31 01:06:38'),
(62, 'Belinda Usada', '2021-10-31 01:06:38', '2021-10-31 01:06:38'),
(63, 'Jaiman Tamba', '2021-10-31 01:06:38', '2021-10-31 01:06:38'),
(64, 'Karen Eli Yuliarti', '2021-10-31 01:06:38', '2021-10-31 01:06:38'),
(65, 'Hafshah Handayani', '2021-10-31 01:06:38', '2021-10-31 01:06:38'),
(66, 'Ratih Yuliarti', '2021-10-31 01:06:38', '2021-10-31 01:06:38'),
(67, 'Kiandra Maimunah Laksita', '2021-10-31 01:06:38', '2021-10-31 01:06:38'),
(68, 'Uli Yolanda S.H.', '2021-10-31 01:06:38', '2021-10-31 01:06:38'),
(69, 'Mahesa Widodo', '2021-10-31 01:06:38', '2021-10-31 01:06:38'),
(70, 'Carla Farhunnisa Nurdiyanti S.IP', '2021-10-31 01:06:39', '2021-10-31 01:06:39'),
(71, 'Pia Puspa Hassanah M.TI.', '2021-10-31 01:06:39', '2021-10-31 01:06:39'),
(72, 'Elvina Susanti S.I.Kom', '2021-10-31 01:06:39', '2021-10-31 01:06:39'),
(73, 'Agnes Wahyuni M.Ak', '2021-10-31 01:06:39', '2021-10-31 01:06:39'),
(74, 'Uli Laksmiwati', '2021-10-31 01:06:39', '2021-10-31 01:06:39'),
(75, 'Dimaz Artawan Rajata M.M.', '2021-10-31 01:06:39', '2021-10-31 01:06:39'),
(76, 'Elvin Manullang M.Kom.', '2021-10-31 01:06:39', '2021-10-31 01:06:39'),
(77, 'Dartono Cayadi Prabowo S.E.', '2021-10-31 01:06:39', '2021-10-31 01:06:39'),
(78, 'Cinta Winarsih', '2021-10-31 01:06:39', '2021-10-31 01:06:39'),
(79, 'Ella Padmasari', '2021-10-31 01:06:39', '2021-10-31 01:06:39'),
(80, 'Melinda Suryatmi', '2021-10-31 01:06:39', '2021-10-31 01:06:39'),
(81, 'Diana Kusmawati S.T.', '2021-10-31 01:06:39', '2021-10-31 01:06:39'),
(82, 'Paris Rahayu', '2021-10-31 01:06:40', '2021-10-31 01:06:40'),
(83, 'Digdaya Vino Wacana S.IP', '2021-10-31 01:06:40', '2021-10-31 01:06:40'),
(84, 'Langgeng Manullang M.TI.', '2021-10-31 01:06:40', '2021-10-31 01:06:40'),
(85, 'Fitria Agustina M.Farm', '2021-10-31 01:06:40', '2021-10-31 01:06:40'),
(86, 'Ira Hani Widiastuti S.Psi', '2021-10-31 01:06:40', '2021-10-31 01:06:40'),
(87, 'Yance Diah Uyainah', '2021-10-31 01:06:40', '2021-10-31 01:06:40'),
(88, 'Baktiadi Lukman Najmudin', '2021-10-31 01:06:40', '2021-10-31 01:06:40'),
(89, 'Tami Permata S.Psi', '2021-10-31 01:06:40', '2021-10-31 01:06:40'),
(90, 'Salman Hidayat', '2021-10-31 01:06:41', '2021-10-31 01:06:41'),
(91, 'Drajat Megantara', '2021-10-31 01:06:41', '2021-10-31 01:06:41'),
(92, 'Farah Novitasari', '2021-10-31 01:06:41', '2021-10-31 01:06:41'),
(93, 'Ikin Galar Winarno S.H.', '2021-10-31 01:06:41', '2021-10-31 01:06:41'),
(94, 'Wasis Reksa Iswahyudi', '2021-10-31 01:06:41', '2021-10-31 01:06:41'),
(95, 'Laswi Wacana', '2021-10-31 01:06:41', '2021-10-31 01:06:41'),
(96, 'Eli Nasyidah', '2021-10-31 01:06:41', '2021-10-31 01:06:41'),
(97, 'Hasna Mandasari S.Farm', '2021-10-31 01:06:41', '2021-10-31 01:06:41'),
(98, 'Patricia Pertiwi S.T.', '2021-10-31 01:06:41', '2021-10-31 01:06:41'),
(99, 'Paulin Paramita Fujiati', '2021-10-31 01:06:41', '2021-10-31 01:06:41'),
(100, 'Ira Nabila Nasyiah', '2021-10-31 01:06:41', '2021-10-31 01:06:41'),
(101, 'Kayla Usamah', '2021-10-31 01:06:41', '2021-10-31 01:06:41'),
(102, 'Julia Palastri S.Pt', '2021-10-31 01:06:42', '2021-10-31 01:06:42'),
(103, 'Humaira Raisa Permata', '2021-10-31 01:06:42', '2021-10-31 01:06:42'),
(104, 'Iriana Rahimah S.E.I', '2021-10-31 01:06:42', '2021-10-31 01:06:42'),
(105, 'Mulyono Mursinin Situmorang', '2021-10-31 01:06:42', '2021-10-31 01:06:42'),
(106, 'Jarwi Setya Latupono S.Psi', '2021-10-31 01:06:42', '2021-10-31 01:06:42'),
(107, 'Oni Halimah', '2021-10-31 01:06:42', '2021-10-31 01:06:42'),
(108, 'Hesti Puspita', '2021-10-31 01:06:42', '2021-10-31 01:06:42'),
(109, 'Warsita Ismail Marpaung', '2021-10-31 01:06:42', '2021-10-31 01:06:42'),
(110, 'Ikin Nainggolan S.H.', '2021-10-31 01:06:42', '2021-10-31 01:06:42'),
(111, 'Titin Usada', '2021-10-31 01:06:42', '2021-10-31 01:06:42'),
(112, 'Betania Permata', '2021-10-31 01:06:43', '2021-10-31 01:06:43'),
(113, 'Margana Waluyo', '2021-10-31 01:06:43', '2021-10-31 01:06:43'),
(114, 'Purwanto Banawa Megantara M.Pd', '2021-10-31 01:06:43', '2021-10-31 01:06:43'),
(115, 'Lalita Oktaviani', '2021-10-31 01:06:43', '2021-10-31 01:06:43'),
(116, 'Atma Mandala', '2021-10-31 01:06:43', '2021-10-31 01:06:43'),
(117, 'Chandra Sitorus M.TI.', '2021-10-31 01:06:43', '2021-10-31 01:06:43'),
(118, 'Wage Galiono Zulkarnain S.H.', '2021-10-31 01:06:43', '2021-10-31 01:06:43'),
(119, 'Kuncara Mangunsong S.Pd', '2021-10-31 01:06:43', '2021-10-31 01:06:43'),
(120, 'Leo Kemal Megantara M.M.', '2021-10-31 01:06:43', '2021-10-31 01:06:43'),
(121, 'Puji Handayani', '2021-10-31 01:06:43', '2021-10-31 01:06:43'),
(122, 'Sarah Hamima Utami S.Farm', '2021-10-31 01:06:43', '2021-10-31 01:06:43'),
(123, 'Tami Wahyuni', '2021-10-31 01:06:44', '2021-10-31 01:06:44'),
(124, 'Wulan Ina Rahimah', '2021-10-31 01:06:44', '2021-10-31 01:06:44'),
(125, 'Gangsa Laksana Adriansyah', '2021-10-31 01:06:44', '2021-10-31 01:06:44'),
(126, 'Puji Nasyiah S.Gz', '2021-10-31 01:06:44', '2021-10-31 01:06:44'),
(127, 'Talia Usada', '2021-10-31 01:06:44', '2021-10-31 01:06:44'),
(128, 'Dalima Syahrini Rahimah', '2021-10-31 01:06:44', '2021-10-31 01:06:44'),
(129, 'Fitriani Fujiati M.Pd', '2021-10-31 01:06:44', '2021-10-31 01:06:44'),
(130, 'Purwa Limar Ramadan', '2021-10-31 01:06:44', '2021-10-31 01:06:44'),
(131, 'Gadang Rudi Tarihoran S.Gz', '2021-10-31 01:06:44', '2021-10-31 01:06:44'),
(132, 'Kiandra Yulia Oktaviani', '2021-10-31 01:06:44', '2021-10-31 01:06:44'),
(133, 'Violet Raisa Nasyiah S.Pd', '2021-10-31 01:06:45', '2021-10-31 01:06:45'),
(134, 'Tania Aryani S.Ked', '2021-10-31 01:06:45', '2021-10-31 01:06:45'),
(135, 'Bella Silvia Lestari S.Gz', '2021-10-31 01:06:45', '2021-10-31 01:06:45'),
(136, 'Septi Farhunnisa Hastuti', '2021-10-31 01:06:45', '2021-10-31 01:06:45'),
(137, 'Tantri Mila Lestari', '2021-10-31 01:06:45', '2021-10-31 01:06:45'),
(138, 'Yoga Kurniawan', '2021-10-31 01:06:45', '2021-10-31 01:06:45'),
(139, 'Kania Victoria Hastuti', '2021-10-31 01:06:45', '2021-10-31 01:06:45'),
(140, 'Jarwa Sinaga', '2021-10-31 01:06:45', '2021-10-31 01:06:45'),
(141, 'Dodo Warsa Permadi', '2021-10-31 01:06:45', '2021-10-31 01:06:45'),
(142, 'Balamantri Hutagalung', '2021-10-31 01:06:45', '2021-10-31 01:06:45'),
(143, 'Citra Laksita M.Ak', '2021-10-31 01:06:45', '2021-10-31 01:06:45'),
(144, 'Anastasia Karimah Susanti', '2021-10-31 01:06:45', '2021-10-31 01:06:45'),
(145, 'Ana Ghaliyati Lestari', '2021-10-31 01:06:45', '2021-10-31 01:06:45'),
(146, 'Faizah Riyanti', '2021-10-31 01:06:45', '2021-10-31 01:06:45'),
(147, 'Okta Prabowo', '2021-10-31 01:06:45', '2021-10-31 01:06:45'),
(148, 'Kacung Irnanto Hakim', '2021-10-31 01:06:45', '2021-10-31 01:06:45'),
(149, 'Yuliana Wirda Riyanti S.IP', '2021-10-31 01:06:45', '2021-10-31 01:06:45'),
(150, 'Suci Palastri', '2021-10-31 01:06:46', '2021-10-31 01:06:46'),
(151, 'Gamanto Siregar', '2021-10-31 01:06:46', '2021-10-31 01:06:46'),
(152, 'Atmaja Narpati', '2021-10-31 01:06:46', '2021-10-31 01:06:46'),
(153, 'Jamalia Yuniar', '2021-10-31 01:06:46', '2021-10-31 01:06:46'),
(154, 'Aris Putra S.Farm', '2021-10-31 01:06:46', '2021-10-31 01:06:46'),
(155, 'Jasmin Patricia Uyainah', '2021-10-31 01:06:46', '2021-10-31 01:06:46'),
(156, 'Kamila Usada', '2021-10-31 01:06:46', '2021-10-31 01:06:46'),
(157, 'Elisa Prastuti', '2021-10-31 01:06:46', '2021-10-31 01:06:46'),
(158, 'Drajat Mahmud Kurniawan', '2021-10-31 01:06:46', '2021-10-31 01:06:46'),
(159, 'Makuta Catur Haryanto', '2021-10-31 01:06:46', '2021-10-31 01:06:46'),
(160, 'Reza Nasab Manullang M.TI.', '2021-10-31 01:06:46', '2021-10-31 01:06:46'),
(161, 'Citra Cinthia Wastuti', '2021-10-31 01:06:46', '2021-10-31 01:06:46'),
(162, 'Dipa Pangestu', '2021-10-31 01:06:46', '2021-10-31 01:06:46'),
(163, 'Suci Laila Farida', '2021-10-31 01:06:47', '2021-10-31 01:06:47'),
(164, 'Uli Rahmi Zulaika S.Pd', '2021-10-31 01:06:47', '2021-10-31 01:06:47'),
(165, 'Ghani Wakiman Hutasoit', '2021-10-31 01:06:47', '2021-10-31 01:06:47'),
(166, 'Dewi Wastuti', '2021-10-31 01:06:47', '2021-10-31 01:06:47'),
(167, 'Darsirah Kuswoyo', '2021-10-31 01:06:47', '2021-10-31 01:06:47'),
(168, 'Carub Hidayat S.I.Kom', '2021-10-31 01:06:47', '2021-10-31 01:06:47'),
(169, 'Gabriella Astuti S.Farm', '2021-10-31 01:06:47', '2021-10-31 01:06:47'),
(170, 'Rusman Simanjuntak', '2021-10-31 01:06:47', '2021-10-31 01:06:47'),
(171, 'Galuh Manullang S.IP', '2021-10-31 01:06:47', '2021-10-31 01:06:47'),
(172, 'Jono Galuh Dongoran', '2021-10-31 01:06:47', '2021-10-31 01:06:47'),
(173, 'Cengkir Emong Prasetyo M.Pd', '2021-10-31 01:06:47', '2021-10-31 01:06:47'),
(174, 'Suci Diana Widiastuti M.Pd', '2021-10-31 01:06:47', '2021-10-31 01:06:47'),
(175, 'Nardi Mandala', '2021-10-31 01:06:47', '2021-10-31 01:06:47'),
(176, 'Danu Putra', '2021-10-31 01:06:47', '2021-10-31 01:06:47'),
(177, 'Nadia Lailasari', '2021-10-31 01:06:47', '2021-10-31 01:06:47'),
(178, 'Caket Lazuardi', '2021-10-31 01:06:48', '2021-10-31 01:06:48'),
(179, 'Fitriani Usamah', '2021-10-31 01:06:48', '2021-10-31 01:06:48'),
(180, 'Ella Hani Mayasari', '2021-10-31 01:06:48', '2021-10-31 01:06:48'),
(181, 'Dartono Wijaya', '2021-10-31 01:06:48', '2021-10-31 01:06:48'),
(182, 'Kiandra Ina Wahyuni', '2021-10-31 01:06:48', '2021-10-31 01:06:48'),
(183, 'Ega Hasan Sihotang S.Pd', '2021-10-31 01:06:48', '2021-10-31 01:06:48'),
(184, 'Satya Dalimin Ardianto', '2021-10-31 01:06:48', '2021-10-31 01:06:48'),
(185, 'Ira Prastuti', '2021-10-31 01:06:48', '2021-10-31 01:06:48'),
(186, 'Chandra Uwais M.Kom.', '2021-10-31 01:06:48', '2021-10-31 01:06:48'),
(187, 'Azalea Suartini', '2021-10-31 01:06:48', '2021-10-31 01:06:48'),
(188, 'Dariati Wijaya', '2021-10-31 01:06:48', '2021-10-31 01:06:48'),
(189, 'Calista Pratiwi M.Ak', '2021-10-31 01:06:49', '2021-10-31 01:06:49'),
(190, 'Irma Ida Farida', '2021-10-31 01:06:49', '2021-10-31 01:06:49'),
(191, 'Laras Wastuti', '2021-10-31 01:06:49', '2021-10-31 01:06:49'),
(192, 'Syahrini Farida', '2021-10-31 01:06:49', '2021-10-31 01:06:49'),
(193, 'Uda Hidayat', '2021-10-31 01:06:49', '2021-10-31 01:06:49'),
(194, 'Kiandra Maryati', '2021-10-31 01:06:49', '2021-10-31 01:06:49'),
(195, 'Bagus Mansur', '2021-10-31 01:06:49', '2021-10-31 01:06:49'),
(196, 'Eka Rini Yulianti S.H.', '2021-10-31 01:06:49', '2021-10-31 01:06:49'),
(197, 'Wawan Prasetya', '2021-10-31 01:06:49', '2021-10-31 01:06:49'),
(198, 'Ajimat Hakim', '2021-10-31 01:06:49', '2021-10-31 01:06:49'),
(199, 'Titin Hamima Usamah S.I.Kom', '2021-10-31 01:06:49', '2021-10-31 01:06:49'),
(200, 'Vicky Yuniar S.I.Kom', '2021-10-31 01:06:49', '2021-10-31 01:06:49'),
(201, 'Fitriani Kasiyah Aryani S.Sos', '2021-10-31 01:06:50', '2021-10-31 01:06:50'),
(202, 'Ade Iswahyudi', '2021-10-31 01:06:50', '2021-10-31 01:06:50'),
(203, 'Ophelia Pudjiastuti', '2021-10-31 01:06:50', '2021-10-31 01:06:50'),
(204, 'Yessi Susanti', '2021-10-31 01:06:50', '2021-10-31 01:06:50'),
(205, 'Najwa Susanti', '2021-10-31 01:06:50', '2021-10-31 01:06:50'),
(206, 'Jaya Pratama', '2021-10-31 01:06:50', '2021-10-31 01:06:50'),
(207, 'Kawaca Setiawan', '2021-10-31 01:06:50', '2021-10-31 01:06:50'),
(208, 'Naradi Harjo Haryanto S.Ked', '2021-10-31 01:06:50', '2021-10-31 01:06:50'),
(209, 'Lintang Zelda Laksita', '2021-10-31 01:06:50', '2021-10-31 01:06:50'),
(210, 'Tasnim Anom Lazuardi', '2021-10-31 01:06:50', '2021-10-31 01:06:50'),
(211, 'Gaduh Pangestu Santoso', '2021-10-31 01:06:50', '2021-10-31 01:06:50'),
(212, 'Maria Uyainah', '2021-10-31 01:06:50', '2021-10-31 01:06:50'),
(213, 'Ulya Jelita Mandasari S.Gz', '2021-10-31 01:06:50', '2021-10-31 01:06:50'),
(214, 'Anom Damanik S.Kom', '2021-10-31 01:06:51', '2021-10-31 01:06:51'),
(215, 'Kayla Suartini', '2021-10-31 01:06:51', '2021-10-31 01:06:51'),
(216, 'Parman Karta Iswahyudi S.Gz', '2021-10-31 01:06:51', '2021-10-31 01:06:51'),
(217, 'Gawati Putri Uyainah', '2021-10-31 01:06:51', '2021-10-31 01:06:51'),
(218, 'Gamblang Tamba S.E.I', '2021-10-31 01:06:51', '2021-10-31 01:06:51'),
(219, 'Ika Usamah', '2021-10-31 01:06:51', '2021-10-31 01:06:51'),
(220, 'Wadi Hidayanto', '2021-10-31 01:06:51', '2021-10-31 01:06:51'),
(221, 'Maria Laras Pertiwi', '2021-10-31 01:06:51', '2021-10-31 01:06:51'),
(222, 'Natalia Ifa Nurdiyanti S.E.', '2021-10-31 01:06:51', '2021-10-31 01:06:51'),
(223, 'Nova Yuliarti S.T.', '2021-10-31 01:06:51', '2021-10-31 01:06:51'),
(224, 'Opung Waskita', '2021-10-31 01:06:51', '2021-10-31 01:06:51'),
(225, 'Tantri Hassanah', '2021-10-31 01:06:51', '2021-10-31 01:06:51'),
(226, 'Jasmin Julia Prastuti', '2021-10-31 01:06:51', '2021-10-31 01:06:51'),
(227, 'Vero Kusuma Marbun S.Ked', '2021-10-31 01:06:51', '2021-10-31 01:06:51'),
(228, 'Dina Halimah S.E.', '2021-10-31 01:06:51', '2021-10-31 01:06:51'),
(229, 'Suci Ami Nasyidah S.E.I', '2021-10-31 01:06:52', '2021-10-31 01:06:52'),
(230, 'Suci Wahyuni M.Kom.', '2021-10-31 01:06:52', '2021-10-31 01:06:52'),
(231, 'Fitria Suartini', '2021-10-31 01:06:52', '2021-10-31 01:06:52'),
(232, 'Gaman Saragih S.IP', '2021-10-31 01:06:52', '2021-10-31 01:06:52'),
(233, 'Warji Harsanto Mangunsong S.E.I', '2021-10-31 01:06:52', '2021-10-31 01:06:52'),
(234, 'Eva Maimunah Yuliarti S.Ked', '2021-10-31 01:06:52', '2021-10-31 01:06:52'),
(235, 'Kania Andriani', '2021-10-31 01:06:52', '2021-10-31 01:06:52'),
(236, 'Soleh Gunawan', '2021-10-31 01:06:52', '2021-10-31 01:06:52'),
(237, 'Eva Padmasari', '2021-10-31 01:06:52', '2021-10-31 01:06:52'),
(238, 'Kasiyah Maryati M.Kom.', '2021-10-31 01:06:52', '2021-10-31 01:06:52'),
(239, 'Kusuma Budiyanto', '2021-10-31 01:06:52', '2021-10-31 01:06:52'),
(240, 'Estiono Pradana S.E.I', '2021-10-31 01:06:53', '2021-10-31 01:06:53'),
(241, 'Nyana Heru Hutagalung S.Kom', '2021-10-31 01:06:53', '2021-10-31 01:06:53'),
(242, 'Novi Safina Yolanda', '2021-10-31 01:06:53', '2021-10-31 01:06:53'),
(243, 'Zelaya Farhunnisa Sudiati S.Gz', '2021-10-31 01:06:53', '2021-10-31 01:06:53'),
(244, 'Hari Kala Prasasta S.I.Kom', '2021-10-31 01:06:53', '2021-10-31 01:06:53'),
(245, 'Paramita Hariyah M.Pd', '2021-10-31 01:06:53', '2021-10-31 01:06:53'),
(246, 'Hasan Setiawan S.Pt', '2021-10-31 01:06:53', '2021-10-31 01:06:53'),
(247, 'Nova Nasyiah', '2021-10-31 01:06:54', '2021-10-31 01:06:54'),
(248, 'Almira Wahyuni S.Ked', '2021-10-31 01:06:54', '2021-10-31 01:06:54'),
(249, 'Anggabaya Nashiruddin', '2021-10-31 01:06:54', '2021-10-31 01:06:54'),
(250, 'Kasiyah Yance Susanti', '2021-10-31 01:06:54', '2021-10-31 01:06:54'),
(251, 'Daliman Adriansyah', '2021-10-31 01:06:54', '2021-10-31 01:06:54'),
(252, 'Cakrawala Uwais', '2021-10-31 01:06:55', '2021-10-31 01:06:55'),
(253, 'Narji Pranowo S.Pd', '2021-10-31 01:06:55', '2021-10-31 01:06:55'),
(254, 'Latika Agnes Agustina', '2021-10-31 01:06:55', '2021-10-31 01:06:55'),
(255, 'Elon Suwarno S.Gz', '2021-10-31 01:06:55', '2021-10-31 01:06:55'),
(256, 'Gina Wulandari', '2021-10-31 01:06:55', '2021-10-31 01:06:55'),
(257, 'Kunthara Ajimat Nababan S.IP', '2021-10-31 01:06:55', '2021-10-31 01:06:55'),
(258, 'Usyi Oktaviani', '2021-10-31 01:06:56', '2021-10-31 01:06:56'),
(259, 'Nabila Utami', '2021-10-31 01:06:56', '2021-10-31 01:06:56'),
(260, 'Yahya Capa Salahudin S.T.', '2021-10-31 01:06:56', '2021-10-31 01:06:56'),
(261, 'Bakidin Asmadi Iswahyudi M.Kom.', '2021-10-31 01:06:56', '2021-10-31 01:06:56'),
(262, 'Lintang Pudjiastuti', '2021-10-31 01:06:56', '2021-10-31 01:06:56'),
(263, 'Malik Pradana', '2021-10-31 01:06:56', '2021-10-31 01:06:56'),
(264, 'Mitra Legawa Saragih M.M.', '2021-10-31 01:06:56', '2021-10-31 01:06:56'),
(265, 'Caket Napitupulu', '2021-10-31 01:06:56', '2021-10-31 01:06:56'),
(266, 'Bakidin Muhammad Hakim', '2021-10-31 01:06:57', '2021-10-31 01:06:57'),
(267, 'Olga Jayeng Prabowo', '2021-10-31 01:06:57', '2021-10-31 01:06:57'),
(268, 'Kuncara Prayoga', '2021-10-31 01:06:57', '2021-10-31 01:06:57'),
(269, 'Kusuma Dariati Mahendra', '2021-10-31 01:06:57', '2021-10-31 01:06:57'),
(270, 'Melinda Usada', '2021-10-31 01:06:57', '2021-10-31 01:06:57'),
(271, 'Silvia Pudjiastuti S.Farm', '2021-10-31 01:06:57', '2021-10-31 01:06:57'),
(272, 'Devi Kiandra Permata', '2021-10-31 01:06:57', '2021-10-31 01:06:57'),
(273, 'Wirda Faizah Permata S.Sos', '2021-10-31 01:06:57', '2021-10-31 01:06:57'),
(274, 'Bancar Bahuraksa Widodo S.T.', '2021-10-31 01:06:58', '2021-10-31 01:06:58'),
(275, 'Ikin Muhammad Nashiruddin M.M.', '2021-10-31 01:06:58', '2021-10-31 01:06:58'),
(276, 'Kasiran Widodo', '2021-10-31 01:06:58', '2021-10-31 01:06:58'),
(277, 'Setya Santoso', '2021-10-31 01:06:58', '2021-10-31 01:06:58'),
(278, 'Tania Maryati', '2021-10-31 01:06:58', '2021-10-31 01:06:58'),
(279, 'Samiah Mala Novitasari', '2021-10-31 01:06:58', '2021-10-31 01:06:58'),
(280, 'Danuja Paiman Dabukke', '2021-10-31 01:06:58', '2021-10-31 01:06:58'),
(281, 'Rini Ella Nasyidah M.Ak', '2021-10-31 01:06:59', '2021-10-31 01:06:59'),
(282, 'Damu Nyoman Habibi', '2021-10-31 01:06:59', '2021-10-31 01:06:59'),
(283, 'Wardaya Uda Prasasta', '2021-10-31 01:06:59', '2021-10-31 01:06:59'),
(284, 'Sakura Wijayanti S.Kom', '2021-10-31 01:06:59', '2021-10-31 01:06:59'),
(285, 'Prakosa Nugroho', '2021-10-31 01:06:59', '2021-10-31 01:06:59'),
(286, 'Qori Puspita', '2021-10-31 01:07:00', '2021-10-31 01:07:00'),
(287, 'Hasim Zulkarnain', '2021-10-31 01:07:00', '2021-10-31 01:07:00'),
(288, 'Hartana Hutagalung S.Ked', '2021-10-31 01:07:00', '2021-10-31 01:07:00'),
(289, 'Saadat Siregar S.Ked', '2021-10-31 01:07:00', '2021-10-31 01:07:00'),
(290, 'Mitra Karman Simanjuntak', '2021-10-31 01:07:00', '2021-10-31 01:07:00'),
(291, 'Dwi Cawisono Pradipta S.Pd', '2021-10-31 01:07:00', '2021-10-31 01:07:00'),
(292, 'Kunthara Mustofa', '2021-10-31 01:07:00', '2021-10-31 01:07:00'),
(293, 'Fathonah Rahmi Rahmawati', '2021-10-31 01:07:00', '2021-10-31 01:07:00'),
(294, 'Diah Mulyani', '2021-10-31 01:07:00', '2021-10-31 01:07:00'),
(295, 'Restu Ellis Astuti', '2021-10-31 01:07:00', '2021-10-31 01:07:00'),
(296, 'Jane Ade Permata S.Pt', '2021-10-31 01:07:00', '2021-10-31 01:07:00'),
(297, 'Gadang Pranowo', '2021-10-31 01:07:01', '2021-10-31 01:07:01'),
(298, 'Gabriella Maimunah Farida S.E.', '2021-10-31 01:07:01', '2021-10-31 01:07:01'),
(299, 'Karen Wahyuni M.M.', '2021-10-31 01:07:01', '2021-10-31 01:07:01'),
(300, 'Tania Nadine Purnawati S.IP', '2021-10-31 01:07:01', '2021-10-31 01:07:01');

-- --------------------------------------------------------

--
-- Table structure for table `failed_jobs`
--

CREATE TABLE `failed_jobs` (
  `id` bigint(20) UNSIGNED NOT NULL,
  `uuid` varchar(255) COLLATE utf8mb4_unicode_ci NOT NULL,
  `connection` text COLLATE utf8mb4_unicode_ci NOT NULL,
  `queue` text COLLATE utf8mb4_unicode_ci NOT NULL,
  `payload` longtext COLLATE utf8mb4_unicode_ci NOT NULL,
  `exception` longtext COLLATE utf8mb4_unicode_ci NOT NULL,
  `failed_at` timestamp NOT NULL DEFAULT CURRENT_TIMESTAMP
) ENGINE=InnoDB DEFAULT CHARSET=utf8mb4 COLLATE=utf8mb4_unicode_ci;

-- --------------------------------------------------------

--
-- Table structure for table `migrations`
--

CREATE TABLE `migrations` (
  `id` int(10) UNSIGNED NOT NULL,
  `migration` varchar(255) COLLATE utf8mb4_unicode_ci NOT NULL,
  `batch` int(11) NOT NULL
) ENGINE=InnoDB DEFAULT CHARSET=utf8mb4 COLLATE=utf8mb4_unicode_ci;

--
-- Dumping data for table `migrations`
--

INSERT INTO `migrations` (`id`, `migration`, `batch`) VALUES
(1, '2014_10_12_000000_create_users_table', 1),
(2, '2014_10_12_100000_create_password_resets_table', 1),
(3, '2019_08_19_000000_create_failed_jobs_table', 1),
(4, '2019_12_14_000001_create_personal_access_tokens_table', 1),
(5, '2021_10_31_073650_create_categories_table', 1),
(6, '2021_10_31_074110_create_products_table', 1),
(7, '2021_10_31_074442_create_product_details_table', 1);

-- --------------------------------------------------------

--
-- Table structure for table `password_resets`
--

CREATE TABLE `password_resets` (
  `email` varchar(255) COLLATE utf8mb4_unicode_ci NOT NULL,
  `token` varchar(255) COLLATE utf8mb4_unicode_ci NOT NULL,
  `created_at` timestamp NULL DEFAULT NULL
) ENGINE=InnoDB DEFAULT CHARSET=utf8mb4 COLLATE=utf8mb4_unicode_ci;

-- --------------------------------------------------------

--
-- Table structure for table `personal_access_tokens`
--

CREATE TABLE `personal_access_tokens` (
  `id` bigint(20) UNSIGNED NOT NULL,
  `tokenable_type` varchar(255) COLLATE utf8mb4_unicode_ci NOT NULL,
  `tokenable_id` bigint(20) UNSIGNED NOT NULL,
  `name` varchar(255) COLLATE utf8mb4_unicode_ci NOT NULL,
  `token` varchar(64) COLLATE utf8mb4_unicode_ci NOT NULL,
  `abilities` text COLLATE utf8mb4_unicode_ci,
  `last_used_at` timestamp NULL DEFAULT NULL,
  `created_at` timestamp NULL DEFAULT NULL,
  `updated_at` timestamp NULL DEFAULT NULL
) ENGINE=InnoDB DEFAULT CHARSET=utf8mb4 COLLATE=utf8mb4_unicode_ci;

-- --------------------------------------------------------

--
-- Table structure for table `products`
--

CREATE TABLE `products` (
  `id` bigint(20) UNSIGNED NOT NULL,
  `category_id` bigint(20) UNSIGNED NOT NULL,
  `name` varchar(255) COLLATE utf8mb4_unicode_ci NOT NULL,
  `created_at` timestamp NULL DEFAULT NULL,
  `updated_at` timestamp NULL DEFAULT NULL
) ENGINE=InnoDB DEFAULT CHARSET=utf8mb4 COLLATE=utf8mb4_unicode_ci;

--
-- Dumping data for table `products`
--

INSERT INTO `products` (`id`, `category_id`, `name`, `created_at`, `updated_at`) VALUES
(2, 1, 'Irma Purwanti M.TI.', '2021-10-31 01:08:12', '2021-10-31 01:08:12'),
(3, 2, 'Anom Waskita', '2021-10-31 01:08:12', '2021-10-31 01:08:12'),
(4, 3, 'Ciaobella Puspasari', '2021-10-31 01:08:12', '2021-10-31 01:08:12'),
(5, 4, 'Aurora Prastuti S.Pt', '2021-10-31 01:08:13', '2021-10-31 01:08:13'),
(6, 5, 'Wawan Saputra', '2021-10-31 01:08:13', '2021-10-31 01:08:13'),
(7, 6, 'Ella Yolanda', '2021-10-31 01:08:13', '2021-10-31 01:08:13'),
(8, 7, 'Rahayu Melani', '2021-10-31 01:08:13', '2021-10-31 01:08:13'),
(9, 8, 'Ganjaran Wacana', '2021-10-31 01:08:13', '2021-10-31 01:08:13'),
(10, 9, 'Calista Palastri', '2021-10-31 01:08:13', '2021-10-31 01:08:13'),
(11, 10, 'Gara Sihombing', '2021-10-31 01:08:13', '2021-10-31 01:08:13'),
(12, 11, 'Unjani Ciaobella Agustina M.Ak', '2021-10-31 01:08:13', '2021-10-31 01:08:13'),
(13, 12, 'Ifa Wulandari', '2021-10-31 01:08:13', '2021-10-31 01:08:13'),
(14, 13, 'Heryanto Permadi', '2021-10-31 01:08:13', '2021-10-31 01:08:13'),
(15, 14, 'Samiah Ilsa Oktaviani', '2021-10-31 01:08:13', '2021-10-31 01:08:13'),
(16, 15, 'Najib Jatmiko Nababan S.I.Kom', '2021-10-31 01:08:13', '2021-10-31 01:08:13'),
(17, 16, 'Paramita Ella Mardhiyah', '2021-10-31 01:08:13', '2021-10-31 01:08:13'),
(18, 17, 'Lala Rahimah', '2021-10-31 01:08:13', '2021-10-31 01:08:13'),
(19, 18, 'Cemeti Adiarja Prakasa M.Pd', '2021-10-31 01:08:13', '2021-10-31 01:08:13'),
(20, 19, 'Sadina Hastuti', '2021-10-31 01:08:14', '2021-10-31 01:08:14'),
(21, 20, 'Taufan Raihan Utama S.Psi', '2021-10-31 01:08:14', '2021-10-31 01:08:14'),
(22, 21, 'Gandewa Wahyu Adriansyah', '2021-10-31 01:08:14', '2021-10-31 01:08:14'),
(23, 22, 'Amalia Jelita Maryati S.Pd', '2021-10-31 01:08:14', '2021-10-31 01:08:14'),
(24, 23, 'Arta Adriansyah', '2021-10-31 01:08:14', '2021-10-31 01:08:14'),
(25, 24, 'Oni Lestari S.Farm', '2021-10-31 01:08:14', '2021-10-31 01:08:14'),
(26, 25, 'Wawan Ajimin Sitompul', '2021-10-31 01:08:14', '2021-10-31 01:08:14'),
(27, 26, 'Pranawa Narpati', '2021-10-31 01:08:14', '2021-10-31 01:08:14'),
(28, 27, 'Lukita Saefullah', '2021-10-31 01:08:14', '2021-10-31 01:08:14'),
(29, 28, 'Sakura Lestari', '2021-10-31 01:08:14', '2021-10-31 01:08:14'),
(30, 29, 'Shakila Kasiyah Andriani S.IP', '2021-10-31 01:08:14', '2021-10-31 01:08:14'),
(31, 30, 'Himawan Wakiman Nugroho', '2021-10-31 01:08:14', '2021-10-31 01:08:14'),
(32, 31, 'Hasna Aryani', '2021-10-31 01:08:14', '2021-10-31 01:08:14'),
(33, 32, 'Puspa Astuti S.Psi', '2021-10-31 01:08:14', '2021-10-31 01:08:14'),
(34, 33, 'Dalima Lintang Wastuti M.Farm', '2021-10-31 01:08:14', '2021-10-31 01:08:14'),
(35, 34, 'Ani Hariyah', '2021-10-31 01:08:15', '2021-10-31 01:08:15'),
(36, 35, 'Karman Situmorang S.Pd', '2021-10-31 01:08:15', '2021-10-31 01:08:15'),
(37, 36, 'Timbul Cecep Wasita', '2021-10-31 01:08:15', '2021-10-31 01:08:15'),
(38, 37, 'Wirda Nasyidah', '2021-10-31 01:08:15', '2021-10-31 01:08:15'),
(39, 38, 'Ibrani Nainggolan', '2021-10-31 01:08:15', '2021-10-31 01:08:15'),
(40, 39, 'Prabowo Irwan Rajasa M.Ak', '2021-10-31 01:08:15', '2021-10-31 01:08:15'),
(41, 40, 'Bagiya Halim', '2021-10-31 01:08:15', '2021-10-31 01:08:15'),
(42, 41, 'Mursita Ghani Sihotang S.Sos', '2021-10-31 01:08:15', '2021-10-31 01:08:15'),
(43, 42, 'Olivia Rahmawati', '2021-10-31 01:08:15', '2021-10-31 01:08:15'),
(44, 43, 'Purwa Budiyanto S.Farm', '2021-10-31 01:08:15', '2021-10-31 01:08:15'),
(45, 44, 'Ratih Rahmawati', '2021-10-31 01:08:15', '2021-10-31 01:08:15'),
(46, 45, 'Pia Palastri S.Farm', '2021-10-31 01:08:15', '2021-10-31 01:08:15'),
(47, 46, 'Dalimin Irawan', '2021-10-31 01:08:15', '2021-10-31 01:08:15'),
(48, 47, 'Harimurti Situmorang', '2021-10-31 01:08:15', '2021-10-31 01:08:15'),
(49, 48, 'Bagas Lurhur Sirait S.Sos', '2021-10-31 01:08:15', '2021-10-31 01:08:15'),
(50, 49, 'Bakidin Mustofa S.Farm', '2021-10-31 01:08:15', '2021-10-31 01:08:15'),
(51, 50, 'Kania Puti Yolanda S.E.I', '2021-10-31 01:08:15', '2021-10-31 01:08:15'),
(52, 51, 'Wage Wibowo', '2021-10-31 01:08:15', '2021-10-31 01:08:15'),
(53, 52, 'Kawaya Maulana', '2021-10-31 01:08:16', '2021-10-31 01:08:16'),
(54, 53, 'Ghaliyati Nova Widiastuti S.Farm', '2021-10-31 01:08:16', '2021-10-31 01:08:16'),
(55, 54, 'Ghani Jarwadi Saputra', '2021-10-31 01:08:16', '2021-10-31 01:08:16'),
(56, 55, 'Simon Hutasoit', '2021-10-31 01:08:16', '2021-10-31 01:08:16'),
(57, 56, 'Harsanto Usman Sitompul', '2021-10-31 01:08:16', '2021-10-31 01:08:16'),
(58, 57, 'Rahayu Yulianti', '2021-10-31 01:08:16', '2021-10-31 01:08:16'),
(59, 58, 'Artawan Sirait', '2021-10-31 01:08:16', '2021-10-31 01:08:16'),
(60, 59, 'Jasmani Santoso', '2021-10-31 01:08:16', '2021-10-31 01:08:16'),
(61, 60, 'Liman Putra', '2021-10-31 01:08:16', '2021-10-31 01:08:16'),
(62, 61, 'Mujur Hutapea S.E.I', '2021-10-31 01:08:16', '2021-10-31 01:08:16'),
(63, 62, 'Alika Hassanah', '2021-10-31 01:08:16', '2021-10-31 01:08:16'),
(64, 63, 'Cahyadi Bakti Nugroho', '2021-10-31 01:08:16', '2021-10-31 01:08:16'),
(65, 64, 'Karen Handayani', '2021-10-31 01:08:16', '2021-10-31 01:08:16'),
(66, 65, 'Cecep Irawan', '2021-10-31 01:08:16', '2021-10-31 01:08:16'),
(67, 66, 'Bakijan Iswahyudi S.IP', '2021-10-31 01:08:16', '2021-10-31 01:08:16'),
(68, 67, 'Aurora Hariyah M.TI.', '2021-10-31 01:08:16', '2021-10-31 01:08:16'),
(69, 68, 'Chelsea Rika Lailasari M.Ak', '2021-10-31 01:08:16', '2021-10-31 01:08:16'),
(70, 69, 'Harja Tampubolon M.Kom.', '2021-10-31 01:08:17', '2021-10-31 01:08:17'),
(71, 70, 'Olga Wacana', '2021-10-31 01:08:17', '2021-10-31 01:08:17'),
(72, 71, 'Jail Prasetya', '2021-10-31 01:08:17', '2021-10-31 01:08:17'),
(73, 72, 'Irma Wulandari S.Ked', '2021-10-31 01:08:17', '2021-10-31 01:08:17'),
(74, 73, 'Darmaji Prayoga', '2021-10-31 01:08:17', '2021-10-31 01:08:17'),
(75, 74, 'Daliman Kusumo', '2021-10-31 01:08:17', '2021-10-31 01:08:17'),
(76, 75, 'Vanesa Purwanti S.IP', '2021-10-31 01:08:17', '2021-10-31 01:08:17'),
(77, 76, 'Hasim Ikhsan Uwais M.Pd', '2021-10-31 01:08:17', '2021-10-31 01:08:17'),
(78, 77, 'Karma Utama S.Pt', '2021-10-31 01:08:17', '2021-10-31 01:08:17'),
(79, 78, 'Elma Wahyuni S.Sos', '2021-10-31 01:08:17', '2021-10-31 01:08:17'),
(80, 79, 'Olga Timbul Tampubolon M.M.', '2021-10-31 01:08:17', '2021-10-31 01:08:17'),
(81, 80, 'Karsana Manullang', '2021-10-31 01:08:17', '2021-10-31 01:08:17'),
(82, 81, 'Maryadi Tirtayasa Pangestu M.Farm', '2021-10-31 01:08:17', '2021-10-31 01:08:17'),
(83, 82, 'Nardi Danang Uwais', '2021-10-31 01:08:17', '2021-10-31 01:08:17'),
(84, 83, 'Gandi Edi Sihotang', '2021-10-31 01:08:17', '2021-10-31 01:08:17'),
(85, 84, 'Asmuni Mulyanto Nugroho M.M.', '2021-10-31 01:08:17', '2021-10-31 01:08:17'),
(86, 85, 'Talia Rahimah S.E.I', '2021-10-31 01:08:17', '2021-10-31 01:08:17'),
(87, 86, 'Diah Tania Lestari S.Kom', '2021-10-31 01:08:17', '2021-10-31 01:08:17'),
(88, 87, 'Utama Tampubolon', '2021-10-31 01:08:17', '2021-10-31 01:08:17'),
(89, 88, 'Aisyah Andriani', '2021-10-31 01:08:17', '2021-10-31 01:08:17'),
(90, 89, 'Respati Mahendra S.Ked', '2021-10-31 01:08:17', '2021-10-31 01:08:17'),
(91, 90, 'Eka Haryanti', '2021-10-31 01:08:17', '2021-10-31 01:08:17'),
(92, 91, 'Jais Latupono', '2021-10-31 01:08:18', '2021-10-31 01:08:18'),
(93, 92, 'Eko Jailani', '2021-10-31 01:08:18', '2021-10-31 01:08:18'),
(94, 93, 'Pardi Zulkarnain', '2021-10-31 01:08:18', '2021-10-31 01:08:18'),
(95, 94, 'Gambira Liman Damanik', '2021-10-31 01:08:18', '2021-10-31 01:08:18'),
(96, 95, 'Elisa Queen Oktaviani', '2021-10-31 01:08:18', '2021-10-31 01:08:18'),
(97, 96, 'Garda Kuswoyo', '2021-10-31 01:08:18', '2021-10-31 01:08:18'),
(98, 97, 'Eli Puspasari M.Farm', '2021-10-31 01:08:18', '2021-10-31 01:08:18'),
(99, 98, 'Caket Daliono Lazuardi S.E.I', '2021-10-31 01:08:18', '2021-10-31 01:08:18'),
(100, 99, 'Azalea Wahyuni', '2021-10-31 01:08:18', '2021-10-31 01:08:18'),
(101, 100, 'Sari Maryati', '2021-10-31 01:08:18', '2021-10-31 01:08:18'),
(102, 101, 'Nadine Hasanah', '2021-10-31 01:08:18', '2021-10-31 01:08:18'),
(103, 102, 'Ajimat Firgantoro S.Pd', '2021-10-31 01:08:18', '2021-10-31 01:08:18'),
(104, 103, 'Yunita Sudiati', '2021-10-31 01:08:18', '2021-10-31 01:08:18'),
(105, 104, 'Ganjaran Oman Waskita', '2021-10-31 01:08:18', '2021-10-31 01:08:18'),
(106, 105, 'Rangga Ardianto', '2021-10-31 01:08:18', '2021-10-31 01:08:18'),
(107, 106, 'Wira Siregar M.TI.', '2021-10-31 01:08:18', '2021-10-31 01:08:18'),
(108, 107, 'Cager Jumari Thamrin', '2021-10-31 01:08:18', '2021-10-31 01:08:18'),
(109, 108, 'Gadang Permadi', '2021-10-31 01:08:18', '2021-10-31 01:08:18'),
(110, 109, 'Carla Laksita', '2021-10-31 01:08:18', '2021-10-31 01:08:18'),
(111, 110, 'Kamal Mustika Maulana', '2021-10-31 01:08:18', '2021-10-31 01:08:18'),
(112, 111, 'Zalindra Titi Handayani M.Kom.', '2021-10-31 01:08:18', '2021-10-31 01:08:18'),
(113, 112, 'Uli Septi Farida S.H.', '2021-10-31 01:08:18', '2021-10-31 01:08:18'),
(114, 113, 'Atmaja Galih Suwarno', '2021-10-31 01:08:18', '2021-10-31 01:08:18'),
(115, 114, 'Shakila Yuliarti', '2021-10-31 01:08:19', '2021-10-31 01:08:19'),
(116, 115, 'Titin Puspita', '2021-10-31 01:08:19', '2021-10-31 01:08:19'),
(117, 116, 'Zahra Lailasari', '2021-10-31 01:08:19', '2021-10-31 01:08:19'),
(118, 117, 'Dina Hastuti', '2021-10-31 01:08:19', '2021-10-31 01:08:19'),
(119, 118, 'Nasab Wahyudin', '2021-10-31 01:08:19', '2021-10-31 01:08:19'),
(120, 119, 'Victoria Paulin Lailasari S.E.I', '2021-10-31 01:08:19', '2021-10-31 01:08:19'),
(121, 120, 'Empluk Maryadi', '2021-10-31 01:08:19', '2021-10-31 01:08:19'),
(122, 121, 'Danu Kalim Megantara', '2021-10-31 01:08:19', '2021-10-31 01:08:19'),
(123, 122, 'Galih Bakti Saragih', '2021-10-31 01:08:19', '2021-10-31 01:08:19'),
(124, 123, 'Olivia Novitasari', '2021-10-31 01:08:19', '2021-10-31 01:08:19'),
(125, 124, 'Lintang Prastuti', '2021-10-31 01:08:19', '2021-10-31 01:08:19'),
(126, 125, 'Wisnu Nashiruddin S.Kom', '2021-10-31 01:08:19', '2021-10-31 01:08:19'),
(127, 126, 'Galuh Suwarno', '2021-10-31 01:08:19', '2021-10-31 01:08:19'),
(128, 127, 'Maimunah Zulaikha Laksita', '2021-10-31 01:08:19', '2021-10-31 01:08:19'),
(129, 128, 'Liman Tampubolon', '2021-10-31 01:08:19', '2021-10-31 01:08:19'),
(130, 129, 'Zalindra Riyanti', '2021-10-31 01:08:19', '2021-10-31 01:08:19'),
(131, 130, 'Mahfud Joko Prakasa S.Farm', '2021-10-31 01:08:19', '2021-10-31 01:08:19'),
(132, 131, 'Upik Maryadi', '2021-10-31 01:08:19', '2021-10-31 01:08:19'),
(133, 132, 'Daliman Dongoran S.I.Kom', '2021-10-31 01:08:19', '2021-10-31 01:08:19'),
(134, 133, 'Kani Mardhiyah', '2021-10-31 01:08:19', '2021-10-31 01:08:19'),
(135, 134, 'Prima Dono Wibisono', '2021-10-31 01:08:19', '2021-10-31 01:08:19'),
(136, 135, 'Yulia Nasyiah', '2021-10-31 01:08:19', '2021-10-31 01:08:19'),
(137, 136, 'Arsipatra Prabowo', '2021-10-31 01:08:19', '2021-10-31 01:08:19'),
(138, 137, 'Rafid Wasita S.Ked', '2021-10-31 01:08:19', '2021-10-31 01:08:19'),
(139, 138, 'Tasnim Candrakanta Setiawan', '2021-10-31 01:08:19', '2021-10-31 01:08:19'),
(140, 139, 'Purwanto Zulkarnain', '2021-10-31 01:08:19', '2021-10-31 01:08:19'),
(141, 140, 'Tira Usamah', '2021-10-31 01:08:19', '2021-10-31 01:08:19'),
(142, 141, 'Amelia Wulandari', '2021-10-31 01:08:19', '2021-10-31 01:08:19'),
(143, 142, 'Rendy Mustofa', '2021-10-31 01:08:20', '2021-10-31 01:08:20'),
(144, 143, 'Raisa Cornelia Safitri S.Ked', '2021-10-31 01:08:20', '2021-10-31 01:08:20'),
(145, 144, 'Jagapati Dabukke', '2021-10-31 01:08:20', '2021-10-31 01:08:20'),
(146, 145, 'Gantar Januar S.Kom', '2021-10-31 01:08:20', '2021-10-31 01:08:20'),
(147, 146, 'Yunita Salwa Astuti M.M.', '2021-10-31 01:08:20', '2021-10-31 01:08:20'),
(148, 147, 'Ikhsan Capa Setiawan', '2021-10-31 01:08:20', '2021-10-31 01:08:20'),
(149, 148, 'Kasiyah Yuliana Pudjiastuti', '2021-10-31 01:08:20', '2021-10-31 01:08:20'),
(150, 149, 'Nadine Hariyah', '2021-10-31 01:08:20', '2021-10-31 01:08:20'),
(151, 150, 'Titin Ulva Widiastuti S.Ked', '2021-10-31 01:08:20', '2021-10-31 01:08:20'),
(152, 151, 'Bambang Waluyo S.IP', '2021-10-31 01:08:20', '2021-10-31 01:08:20'),
(153, 152, 'Paiman Muhammad Sitompul S.Kom', '2021-10-31 01:08:20', '2021-10-31 01:08:20'),
(154, 153, 'Karna Mahendra', '2021-10-31 01:08:20', '2021-10-31 01:08:20'),
(155, 154, 'Prasetyo Adiarja Dongoran S.E.', '2021-10-31 01:08:20', '2021-10-31 01:08:20'),
(156, 155, 'Vivi Talia Astuti', '2021-10-31 01:08:20', '2021-10-31 01:08:20'),
(157, 156, 'Dalima Hasanah', '2021-10-31 01:08:20', '2021-10-31 01:08:20'),
(158, 157, 'Purwanto Sihotang', '2021-10-31 01:08:20', '2021-10-31 01:08:20'),
(159, 158, 'Cayadi Permadi', '2021-10-31 01:08:20', '2021-10-31 01:08:20'),
(160, 159, 'Dian Oktaviani', '2021-10-31 01:08:20', '2021-10-31 01:08:20'),
(161, 160, 'Luthfi Ardianto S.T.', '2021-10-31 01:08:20', '2021-10-31 01:08:20'),
(162, 161, 'Chelsea Sudiati', '2021-10-31 01:08:20', '2021-10-31 01:08:20'),
(163, 162, 'Zelaya Yolanda', '2021-10-31 01:08:20', '2021-10-31 01:08:20'),
(164, 163, 'Estiono Wardaya Mahendra S.Kom', '2021-10-31 01:08:20', '2021-10-31 01:08:20'),
(165, 164, 'Cengkal Nardi Wahyudin', '2021-10-31 01:08:20', '2021-10-31 01:08:20'),
(166, 165, 'Pranata Haryanto', '2021-10-31 01:08:20', '2021-10-31 01:08:20'),
(167, 166, 'Vanya Laksita', '2021-10-31 01:08:20', '2021-10-31 01:08:20'),
(168, 167, 'Taufik Lazuardi S.H.', '2021-10-31 01:08:20', '2021-10-31 01:08:20'),
(169, 168, 'Jessica Kuswandari', '2021-10-31 01:08:20', '2021-10-31 01:08:20'),
(170, 169, 'Cinta Chelsea Wastuti', '2021-10-31 01:08:20', '2021-10-31 01:08:20'),
(171, 170, 'Wasis Ardianto', '2021-10-31 01:08:20', '2021-10-31 01:08:20'),
(172, 171, 'Sari Winarsih', '2021-10-31 01:08:21', '2021-10-31 01:08:21'),
(173, 172, 'Gawati Yuliarti', '2021-10-31 01:08:21', '2021-10-31 01:08:21'),
(174, 173, 'Talia Halimah', '2021-10-31 01:08:21', '2021-10-31 01:08:21'),
(175, 174, 'Nadine Raisa Safitri', '2021-10-31 01:08:21', '2021-10-31 01:08:21'),
(176, 175, 'Nrima Permadi', '2021-10-31 01:08:21', '2021-10-31 01:08:21'),
(177, 176, 'Marwata Suryono S.Pd', '2021-10-31 01:08:21', '2021-10-31 01:08:21'),
(178, 177, 'Jasmani Firgantoro', '2021-10-31 01:08:21', '2021-10-31 01:08:21'),
(179, 178, 'Ade Hasanah M.Farm', '2021-10-31 01:08:21', '2021-10-31 01:08:21'),
(180, 179, 'Cornelia Winda Padmasari', '2021-10-31 01:08:21', '2021-10-31 01:08:21'),
(181, 180, 'Ella Mandasari', '2021-10-31 01:08:21', '2021-10-31 01:08:21'),
(182, 181, 'Sari Suryatmi', '2021-10-31 01:08:21', '2021-10-31 01:08:21'),
(183, 182, 'Najwa Hasanah', '2021-10-31 01:08:21', '2021-10-31 01:08:21'),
(184, 183, 'Indah Eli Palastri S.T.', '2021-10-31 01:08:21', '2021-10-31 01:08:21'),
(185, 184, 'Mursinin Prasetya', '2021-10-31 01:08:21', '2021-10-31 01:08:21'),
(186, 185, 'Enteng Mangunsong S.IP', '2021-10-31 01:08:21', '2021-10-31 01:08:21'),
(187, 186, 'Intan Diana Oktaviani', '2021-10-31 01:08:21', '2021-10-31 01:08:21'),
(188, 187, 'Bakidin Ade Maulana M.Ak', '2021-10-31 01:08:21', '2021-10-31 01:08:21'),
(189, 188, 'Vanesa Wulandari', '2021-10-31 01:08:21', '2021-10-31 01:08:21'),
(190, 189, 'Hairyanto Simanjuntak', '2021-10-31 01:08:21', '2021-10-31 01:08:21'),
(191, 190, 'Maryadi Pradana', '2021-10-31 01:08:21', '2021-10-31 01:08:21'),
(192, 191, 'Jelita Zalindra Hartati S.E.I', '2021-10-31 01:08:21', '2021-10-31 01:08:21'),
(193, 192, 'Jaya Pangestu S.H.', '2021-10-31 01:08:21', '2021-10-31 01:08:21'),
(194, 193, 'Cayadi Sitompul', '2021-10-31 01:08:21', '2021-10-31 01:08:21'),
(195, 194, 'Aswani Daliman Maulana', '2021-10-31 01:08:21', '2021-10-31 01:08:21'),
(196, 195, 'Nasrullah Marpaung', '2021-10-31 01:08:21', '2021-10-31 01:08:21'),
(197, 196, 'Alambana Mustofa', '2021-10-31 01:08:21', '2021-10-31 01:08:21'),
(198, 197, 'Atmaja Utama Saputra S.Sos', '2021-10-31 01:08:22', '2021-10-31 01:08:22'),
(199, 198, 'Lili Alika Padmasari', '2021-10-31 01:08:22', '2021-10-31 01:08:22'),
(200, 199, 'Ega Muni Nugroho', '2021-10-31 01:08:22', '2021-10-31 01:08:22'),
(201, 200, 'Gamani Hakim S.Sos', '2021-10-31 01:08:22', '2021-10-31 01:08:22'),
(202, 201, 'Taswir Asman Habibi', '2021-10-31 01:08:22', '2021-10-31 01:08:22'),
(203, 202, 'Almira Sabrina Winarsih S.E.', '2021-10-31 01:08:22', '2021-10-31 01:08:22'),
(204, 203, 'Paramita Novitasari S.Sos', '2021-10-31 01:08:22', '2021-10-31 01:08:22'),
(205, 204, 'Catur Sitorus', '2021-10-31 01:08:22', '2021-10-31 01:08:22'),
(206, 205, 'Danu Prakasa S.H.', '2021-10-31 01:08:22', '2021-10-31 01:08:22'),
(207, 206, 'Sari Rika Susanti S.Gz', '2021-10-31 01:08:22', '2021-10-31 01:08:22'),
(208, 207, 'Ilsa Eli Hasanah S.Gz', '2021-10-31 01:08:22', '2021-10-31 01:08:22'),
(209, 208, 'Novi Lili Wastuti', '2021-10-31 01:08:22', '2021-10-31 01:08:22'),
(210, 209, 'Nilam Gina Yulianti', '2021-10-31 01:08:22', '2021-10-31 01:08:22'),
(211, 210, 'Aurora Usada', '2021-10-31 01:08:22', '2021-10-31 01:08:22'),
(212, 211, 'Ratna Laksita S.Sos', '2021-10-31 01:08:22', '2021-10-31 01:08:22'),
(213, 212, 'Nugraha Estiono Simbolon', '2021-10-31 01:08:22', '2021-10-31 01:08:22'),
(214, 213, 'Harjasa Saiful Gunarto S.H.', '2021-10-31 01:08:22', '2021-10-31 01:08:22'),
(215, 214, 'Cahyo Firgantoro', '2021-10-31 01:08:22', '2021-10-31 01:08:22'),
(216, 215, 'Kariman Reksa Lazuardi S.Gz', '2021-10-31 01:08:22', '2021-10-31 01:08:22'),
(217, 216, 'Imam Wibowo', '2021-10-31 01:08:22', '2021-10-31 01:08:22'),
(218, 217, 'Kezia Lailasari', '2021-10-31 01:08:22', '2021-10-31 01:08:22'),
(219, 218, 'Pardi Baktiadi Prasasta S.E.', '2021-10-31 01:08:22', '2021-10-31 01:08:22'),
(220, 219, 'Anastasia Anggraini', '2021-10-31 01:08:22', '2021-10-31 01:08:22'),
(221, 220, 'Rahmat Salahudin', '2021-10-31 01:08:22', '2021-10-31 01:08:22'),
(222, 221, 'Ella Yulianti', '2021-10-31 01:08:22', '2021-10-31 01:08:22'),
(223, 222, 'Patricia Kusmawati', '2021-10-31 01:08:22', '2021-10-31 01:08:22'),
(224, 223, 'Cakrawala Gantar Habibi', '2021-10-31 01:08:22', '2021-10-31 01:08:22'),
(225, 224, 'Bakiono Prasetyo', '2021-10-31 01:08:22', '2021-10-31 01:08:22'),
(226, 225, 'Zalindra Kusmawati', '2021-10-31 01:08:23', '2021-10-31 01:08:23'),
(227, 226, 'Niyaga Dongoran', '2021-10-31 01:08:23', '2021-10-31 01:08:23'),
(228, 227, 'Prasetya Simbolon', '2021-10-31 01:08:23', '2021-10-31 01:08:23'),
(229, 228, 'Calista Wastuti S.E.I', '2021-10-31 01:08:23', '2021-10-31 01:08:23'),
(230, 229, 'Tari Namaga', '2021-10-31 01:08:23', '2021-10-31 01:08:23'),
(231, 230, 'Daniswara Sirait', '2021-10-31 01:08:23', '2021-10-31 01:08:23'),
(232, 231, 'Kayla Hariyah', '2021-10-31 01:08:23', '2021-10-31 01:08:23'),
(233, 232, 'Bahuwirya Gandewa Latupono', '2021-10-31 01:08:23', '2021-10-31 01:08:23'),
(234, 233, 'Syahrini Elma Anggraini S.Farm', '2021-10-31 01:08:23', '2021-10-31 01:08:23'),
(235, 234, 'Wulan Purwanti', '2021-10-31 01:08:23', '2021-10-31 01:08:23'),
(236, 235, 'Kusuma Cecep Sirait', '2021-10-31 01:08:23', '2021-10-31 01:08:23'),
(237, 236, 'Jasmin Laksita', '2021-10-31 01:08:23', '2021-10-31 01:08:23'),
(238, 237, 'Jaswadi Jailani', '2021-10-31 01:08:23', '2021-10-31 01:08:23'),
(239, 238, 'Murti Dongoran S.E.I', '2021-10-31 01:08:23', '2021-10-31 01:08:23'),
(240, 239, 'Titin Prastuti S.Gz', '2021-10-31 01:08:23', '2021-10-31 01:08:23'),
(241, 240, 'Margana Prasasta', '2021-10-31 01:08:23', '2021-10-31 01:08:23'),
(242, 241, 'Jaswadi Napitupulu', '2021-10-31 01:08:23', '2021-10-31 01:08:23'),
(243, 242, 'Bagas Mandala', '2021-10-31 01:08:23', '2021-10-31 01:08:23'),
(244, 243, 'Darmana Anggriawan S.Kom', '2021-10-31 01:08:23', '2021-10-31 01:08:23'),
(245, 244, 'Kezia Handayani M.Farm', '2021-10-31 01:08:23', '2021-10-31 01:08:23'),
(246, 245, 'Ajimat Kusumo', '2021-10-31 01:08:23', '2021-10-31 01:08:23'),
(247, 246, 'Bagas Zulkarnain', '2021-10-31 01:08:24', '2021-10-31 01:08:24'),
(248, 247, 'Simon Hutagalung', '2021-10-31 01:08:24', '2021-10-31 01:08:24'),
(249, 248, 'Wulan Purnawati', '2021-10-31 01:08:24', '2021-10-31 01:08:24'),
(250, 249, 'Asirwanda Atma Anggriawan', '2021-10-31 01:08:24', '2021-10-31 01:08:24'),
(251, 250, 'Nasrullah Gamanto Hidayat', '2021-10-31 01:08:24', '2021-10-31 01:08:24'),
(252, 251, 'Rahman Dongoran', '2021-10-31 01:08:24', '2021-10-31 01:08:24'),
(253, 252, 'Azalea Febi Kuswandari S.Psi', '2021-10-31 01:08:24', '2021-10-31 01:08:24'),
(254, 253, 'Jinawi Jumari Adriansyah S.Kom', '2021-10-31 01:08:24', '2021-10-31 01:08:24'),
(255, 254, 'Tari Laras Palastri S.Farm', '2021-10-31 01:08:24', '2021-10-31 01:08:24'),
(256, 255, 'Dono Cager Wijaya', '2021-10-31 01:08:24', '2021-10-31 01:08:24'),
(257, 256, 'Zahra Rahmawati S.Pd', '2021-10-31 01:08:24', '2021-10-31 01:08:24'),
(258, 257, 'Farhunnisa Puspita', '2021-10-31 01:08:24', '2021-10-31 01:08:24'),
(259, 258, 'Farah Olivia Hartati', '2021-10-31 01:08:24', '2021-10-31 01:08:24'),
(260, 259, 'Yessi Suryatmi', '2021-10-31 01:08:24', '2021-10-31 01:08:24'),
(261, 260, 'Jaswadi Tamba', '2021-10-31 01:08:24', '2021-10-31 01:08:24'),
(262, 261, 'Maryanto Nugroho', '2021-10-31 01:08:24', '2021-10-31 01:08:24'),
(263, 262, 'Nova Citra Nurdiyanti S.Pd', '2021-10-31 01:08:24', '2021-10-31 01:08:24'),
(264, 263, 'Rendy Omar Marbun M.TI.', '2021-10-31 01:08:24', '2021-10-31 01:08:24'),
(265, 264, 'Pranata Daryani Ardianto M.TI.', '2021-10-31 01:08:24', '2021-10-31 01:08:24'),
(266, 265, 'Pranata Situmorang', '2021-10-31 01:08:24', '2021-10-31 01:08:24'),
(267, 266, 'Marsito Sitorus', '2021-10-31 01:08:24', '2021-10-31 01:08:24'),
(268, 267, 'Restu Mayasari', '2021-10-31 01:08:24', '2021-10-31 01:08:24'),
(269, 268, 'Garang Anggriawan', '2021-10-31 01:08:24', '2021-10-31 01:08:24'),
(270, 269, 'Argono Winarno', '2021-10-31 01:08:24', '2021-10-31 01:08:24'),
(271, 270, 'Oman Saptono S.Pd', '2021-10-31 01:08:24', '2021-10-31 01:08:24'),
(272, 271, 'Joko Jatmiko Nashiruddin', '2021-10-31 01:08:24', '2021-10-31 01:08:24'),
(273, 272, 'Padma Nurdiyanti', '2021-10-31 01:08:24', '2021-10-31 01:08:24'),
(274, 273, 'Mahdi Tarihoran', '2021-10-31 01:08:25', '2021-10-31 01:08:25'),
(275, 274, 'Dian Usada S.I.Kom', '2021-10-31 01:08:25', '2021-10-31 01:08:25'),
(276, 275, 'Anastasia Mulyani', '2021-10-31 01:08:25', '2021-10-31 01:08:25'),
(277, 276, 'Chelsea Melani', '2021-10-31 01:08:25', '2021-10-31 01:08:25'),
(278, 277, 'Hana Haryanti', '2021-10-31 01:08:25', '2021-10-31 01:08:25'),
(279, 278, 'Pia Usada', '2021-10-31 01:08:25', '2021-10-31 01:08:25'),
(280, 279, 'Ifa Kiandra Riyanti S.Farm', '2021-10-31 01:08:25', '2021-10-31 01:08:25'),
(281, 280, 'Purwadi Tamba', '2021-10-31 01:08:25', '2021-10-31 01:08:25'),
(282, 281, 'Samiah Purwanti', '2021-10-31 01:08:25', '2021-10-31 01:08:25'),
(283, 282, 'Kartika Padmasari', '2021-10-31 01:08:25', '2021-10-31 01:08:25'),
(284, 283, 'Amelia Yuliana Fujiati', '2021-10-31 01:08:25', '2021-10-31 01:08:25'),
(285, 284, 'Septi Tania Usamah S.Pt', '2021-10-31 01:08:25', '2021-10-31 01:08:25'),
(286, 285, 'Nalar Rajasa S.E.', '2021-10-31 01:08:25', '2021-10-31 01:08:25'),
(287, 286, 'Damar Najmudin', '2021-10-31 01:08:26', '2021-10-31 01:08:26'),
(288, 287, 'Ami Laksmiwati', '2021-10-31 01:08:27', '2021-10-31 01:08:27'),
(289, 288, 'Ina Maryati', '2021-10-31 01:08:27', '2021-10-31 01:08:27'),
(290, 289, 'Kamaria Mutia Mandasari S.Psi', '2021-10-31 01:08:27', '2021-10-31 01:08:27'),
(291, 290, 'Raden Nugroho', '2021-10-31 01:08:27', '2021-10-31 01:08:27'),
(292, 291, 'Wulan Uli Safitri', '2021-10-31 01:08:28', '2021-10-31 01:08:28'),
(293, 292, 'Hartaka Hutasoit', '2021-10-31 01:08:28', '2021-10-31 01:08:28'),
(294, 293, 'Sarah Wulan Prastuti', '2021-10-31 01:08:28', '2021-10-31 01:08:28'),
(295, 294, 'Hendra Megantara', '2021-10-31 01:08:28', '2021-10-31 01:08:28'),
(296, 295, 'Dina Puspita', '2021-10-31 01:08:28', '2021-10-31 01:08:28'),
(297, 296, 'Nabila Lala Hariyah M.TI.', '2021-10-31 01:08:28', '2021-10-31 01:08:28'),
(298, 297, 'Saka Pratama S.Farm', '2021-10-31 01:08:28', '2021-10-31 01:08:28'),
(299, 298, 'Safina Puspasari', '2021-10-31 01:08:28', '2021-10-31 01:08:28'),
(300, 299, 'Candrakanta Hakim S.Pt', '2021-10-31 01:08:28', '2021-10-31 01:08:28');

-- --------------------------------------------------------

--
-- Table structure for table `product_details`
--

CREATE TABLE `product_details` (
  `id` bigint(20) UNSIGNED NOT NULL,
  `product_id` bigint(20) UNSIGNED NOT NULL,
  `description` varchar(255) COLLATE utf8mb4_unicode_ci NOT NULL,
  `created_at` timestamp NULL DEFAULT NULL,
  `updated_at` timestamp NULL DEFAULT NULL
) ENGINE=InnoDB DEFAULT CHARSET=utf8mb4 COLLATE=utf8mb4_unicode_ci;

--
-- Dumping data for table `product_details`
--

INSERT INTO `product_details` (`id`, `product_id`, `description`, `created_at`, `updated_at`) VALUES
(2, 1, '6', '2021-10-31 01:10:47', '2021-10-31 01:10:47'),
(3, 2, '1', '2021-10-31 01:10:47', '2021-10-31 01:10:47'),
(4, 3, '7', '2021-10-31 01:10:47', '2021-10-31 01:10:47'),
(5, 4, '9', '2021-10-31 01:10:47', '2021-10-31 01:10:47'),
(6, 5, '1', '2021-10-31 01:10:47', '2021-10-31 01:10:47'),
(7, 6, '5', '2021-10-31 01:10:47', '2021-10-31 01:10:47'),
(8, 7, '9', '2021-10-31 01:10:47', '2021-10-31 01:10:47'),
(9, 8, '1', '2021-10-31 01:10:47', '2021-10-31 01:10:47'),
(10, 9, '3', '2021-10-31 01:10:47', '2021-10-31 01:10:47'),
(11, 10, '3', '2021-10-31 01:10:47', '2021-10-31 01:10:47'),
(12, 11, '2', '2021-10-31 01:10:47', '2021-10-31 01:10:47'),
(13, 12, '5', '2021-10-31 01:10:47', '2021-10-31 01:10:47'),
(14, 13, '8', '2021-10-31 01:10:47', '2021-10-31 01:10:47'),
(15, 14, '0', '2021-10-31 01:10:47', '2021-10-31 01:10:47'),
(16, 15, '7', '2021-10-31 01:10:47', '2021-10-31 01:10:47'),
(17, 16, '4', '2021-10-31 01:10:47', '2021-10-31 01:10:47'),
(18, 17, '6', '2021-10-31 01:10:47', '2021-10-31 01:10:47'),
(19, 18, '9', '2021-10-31 01:10:47', '2021-10-31 01:10:47'),
(20, 19, '7', '2021-10-31 01:10:48', '2021-10-31 01:10:48'),
(21, 20, '5', '2021-10-31 01:10:48', '2021-10-31 01:10:48'),
(22, 21, '6', '2021-10-31 01:10:48', '2021-10-31 01:10:48'),
(23, 22, '7', '2021-10-31 01:10:48', '2021-10-31 01:10:48'),
(24, 23, '1', '2021-10-31 01:10:48', '2021-10-31 01:10:48'),
(25, 24, '8', '2021-10-31 01:10:48', '2021-10-31 01:10:48'),
(26, 25, '9', '2021-10-31 01:10:48', '2021-10-31 01:10:48'),
(27, 26, '3', '2021-10-31 01:10:48', '2021-10-31 01:10:48'),
(28, 27, '8', '2021-10-31 01:10:48', '2021-10-31 01:10:48'),
(29, 28, '6', '2021-10-31 01:10:48', '2021-10-31 01:10:48'),
(30, 29, '7', '2021-10-31 01:10:48', '2021-10-31 01:10:48'),
(31, 30, '2', '2021-10-31 01:10:48', '2021-10-31 01:10:48'),
(32, 31, '6', '2021-10-31 01:10:48', '2021-10-31 01:10:48'),
(33, 32, '6', '2021-10-31 01:10:48', '2021-10-31 01:10:48'),
(34, 33, '8', '2021-10-31 01:10:48', '2021-10-31 01:10:48'),
(35, 34, '2', '2021-10-31 01:10:48', '2021-10-31 01:10:48'),
(36, 35, '1', '2021-10-31 01:10:48', '2021-10-31 01:10:48'),
(37, 36, '5', '2021-10-31 01:10:48', '2021-10-31 01:10:48'),
(38, 37, '2', '2021-10-31 01:10:48', '2021-10-31 01:10:48'),
(39, 38, '7', '2021-10-31 01:10:48', '2021-10-31 01:10:48'),
(40, 39, '6', '2021-10-31 01:10:48', '2021-10-31 01:10:48'),
(41, 40, '0', '2021-10-31 01:10:48', '2021-10-31 01:10:48'),
(42, 41, '9', '2021-10-31 01:10:48', '2021-10-31 01:10:48'),
(43, 42, '9', '2021-10-31 01:10:48', '2021-10-31 01:10:48'),
(44, 43, '0', '2021-10-31 01:10:48', '2021-10-31 01:10:48'),
(45, 44, '3', '2021-10-31 01:10:48', '2021-10-31 01:10:48'),
(46, 45, '8', '2021-10-31 01:10:48', '2021-10-31 01:10:48'),
(47, 46, '5', '2021-10-31 01:10:48', '2021-10-31 01:10:48'),
(48, 47, '1', '2021-10-31 01:10:49', '2021-10-31 01:10:49'),
(49, 48, '9', '2021-10-31 01:10:49', '2021-10-31 01:10:49'),
(50, 49, '6', '2021-10-31 01:10:49', '2021-10-31 01:10:49'),
(51, 50, '6', '2021-10-31 01:10:49', '2021-10-31 01:10:49'),
(52, 51, '3', '2021-10-31 01:10:49', '2021-10-31 01:10:49'),
(53, 52, '6', '2021-10-31 01:10:49', '2021-10-31 01:10:49'),
(54, 53, '0', '2021-10-31 01:10:49', '2021-10-31 01:10:49'),
(55, 54, '0', '2021-10-31 01:10:49', '2021-10-31 01:10:49'),
(56, 55, '8', '2021-10-31 01:10:49', '2021-10-31 01:10:49'),
(57, 56, '7', '2021-10-31 01:10:49', '2021-10-31 01:10:49'),
(58, 57, '5', '2021-10-31 01:10:49', '2021-10-31 01:10:49'),
(59, 58, '7', '2021-10-31 01:10:49', '2021-10-31 01:10:49'),
(60, 59, '0', '2021-10-31 01:10:49', '2021-10-31 01:10:49'),
(61, 60, '8', '2021-10-31 01:10:49', '2021-10-31 01:10:49'),
(62, 61, '4', '2021-10-31 01:10:49', '2021-10-31 01:10:49'),
(63, 62, '2', '2021-10-31 01:10:49', '2021-10-31 01:10:49'),
(64, 63, '4', '2021-10-31 01:10:49', '2021-10-31 01:10:49'),
(65, 64, '1', '2021-10-31 01:10:49', '2021-10-31 01:10:49'),
(66, 65, '5', '2021-10-31 01:10:49', '2021-10-31 01:10:49'),
(67, 66, '0', '2021-10-31 01:10:49', '2021-10-31 01:10:49'),
(68, 67, '4', '2021-10-31 01:10:49', '2021-10-31 01:10:49'),
(69, 68, '0', '2021-10-31 01:10:49', '2021-10-31 01:10:49'),
(70, 69, '5', '2021-10-31 01:10:49', '2021-10-31 01:10:49'),
(71, 70, '3', '2021-10-31 01:10:49', '2021-10-31 01:10:49'),
(72, 71, '1', '2021-10-31 01:10:49', '2021-10-31 01:10:49'),
(73, 72, '5', '2021-10-31 01:10:49', '2021-10-31 01:10:49'),
(74, 73, '7', '2021-10-31 01:10:49', '2021-10-31 01:10:49'),
(75, 74, '0', '2021-10-31 01:10:49', '2021-10-31 01:10:49'),
(76, 75, '4', '2021-10-31 01:10:50', '2021-10-31 01:10:50'),
(77, 76, '2', '2021-10-31 01:10:50', '2021-10-31 01:10:50'),
(78, 77, '7', '2021-10-31 01:10:50', '2021-10-31 01:10:50'),
(79, 78, '8', '2021-10-31 01:10:50', '2021-10-31 01:10:50'),
(80, 79, '8', '2021-10-31 01:10:50', '2021-10-31 01:10:50'),
(81, 80, '4', '2021-10-31 01:10:50', '2021-10-31 01:10:50'),
(82, 81, '0', '2021-10-31 01:10:50', '2021-10-31 01:10:50'),
(83, 82, '4', '2021-10-31 01:10:50', '2021-10-31 01:10:50'),
(84, 83, '4', '2021-10-31 01:10:50', '2021-10-31 01:10:50'),
(85, 84, '2', '2021-10-31 01:10:50', '2021-10-31 01:10:50'),
(86, 85, '8', '2021-10-31 01:10:50', '2021-10-31 01:10:50'),
(87, 86, '1', '2021-10-31 01:10:50', '2021-10-31 01:10:50'),
(88, 87, '1', '2021-10-31 01:10:50', '2021-10-31 01:10:50'),
(89, 88, '3', '2021-10-31 01:10:50', '2021-10-31 01:10:50'),
(90, 89, '8', '2021-10-31 01:10:50', '2021-10-31 01:10:50'),
(91, 90, '0', '2021-10-31 01:10:50', '2021-10-31 01:10:50'),
(92, 91, '0', '2021-10-31 01:10:50', '2021-10-31 01:10:50'),
(93, 92, '3', '2021-10-31 01:10:50', '2021-10-31 01:10:50'),
(94, 93, '7', '2021-10-31 01:10:50', '2021-10-31 01:10:50'),
(95, 94, '3', '2021-10-31 01:10:50', '2021-10-31 01:10:50'),
(96, 95, '7', '2021-10-31 01:10:50', '2021-10-31 01:10:50'),
(97, 96, '3', '2021-10-31 01:10:50', '2021-10-31 01:10:50'),
(98, 97, '4', '2021-10-31 01:10:50', '2021-10-31 01:10:50'),
(99, 98, '7', '2021-10-31 01:10:50', '2021-10-31 01:10:50'),
(100, 99, '8', '2021-10-31 01:10:50', '2021-10-31 01:10:50'),
(101, 100, '4', '2021-10-31 01:10:50', '2021-10-31 01:10:50'),
(102, 101, '2', '2021-10-31 01:10:50', '2021-10-31 01:10:50'),
(103, 102, '8', '2021-10-31 01:10:50', '2021-10-31 01:10:50'),
(104, 103, '9', '2021-10-31 01:10:51', '2021-10-31 01:10:51'),
(105, 104, '2', '2021-10-31 01:10:51', '2021-10-31 01:10:51'),
(106, 105, '1', '2021-10-31 01:10:51', '2021-10-31 01:10:51'),
(107, 106, '8', '2021-10-31 01:10:51', '2021-10-31 01:10:51'),
(108, 107, '8', '2021-10-31 01:10:51', '2021-10-31 01:10:51'),
(109, 108, '6', '2021-10-31 01:10:51', '2021-10-31 01:10:51'),
(110, 109, '3', '2021-10-31 01:10:51', '2021-10-31 01:10:51'),
(111, 110, '8', '2021-10-31 01:10:51', '2021-10-31 01:10:51'),
(112, 111, '4', '2021-10-31 01:10:51', '2021-10-31 01:10:51'),
(113, 112, '0', '2021-10-31 01:10:51', '2021-10-31 01:10:51'),
(114, 113, '1', '2021-10-31 01:10:51', '2021-10-31 01:10:51'),
(115, 114, '8', '2021-10-31 01:10:51', '2021-10-31 01:10:51'),
(116, 115, '4', '2021-10-31 01:10:51', '2021-10-31 01:10:51'),
(117, 116, '7', '2021-10-31 01:10:51', '2021-10-31 01:10:51'),
(118, 117, '9', '2021-10-31 01:10:51', '2021-10-31 01:10:51'),
(119, 118, '9', '2021-10-31 01:10:51', '2021-10-31 01:10:51'),
(120, 119, '0', '2021-10-31 01:10:51', '2021-10-31 01:10:51'),
(121, 120, '1', '2021-10-31 01:10:51', '2021-10-31 01:10:51'),
(122, 121, '0', '2021-10-31 01:10:51', '2021-10-31 01:10:51'),
(123, 122, '5', '2021-10-31 01:10:51', '2021-10-31 01:10:51'),
(124, 123, '0', '2021-10-31 01:10:51', '2021-10-31 01:10:51'),
(125, 124, '9', '2021-10-31 01:10:51', '2021-10-31 01:10:51'),
(126, 125, '9', '2021-10-31 01:10:51', '2021-10-31 01:10:51'),
(127, 126, '1', '2021-10-31 01:10:51', '2021-10-31 01:10:51'),
(128, 127, '5', '2021-10-31 01:10:51', '2021-10-31 01:10:51'),
(129, 128, '6', '2021-10-31 01:10:51', '2021-10-31 01:10:51'),
(130, 129, '7', '2021-10-31 01:10:51', '2021-10-31 01:10:51'),
(131, 130, '9', '2021-10-31 01:10:51', '2021-10-31 01:10:51'),
(132, 131, '3', '2021-10-31 01:10:52', '2021-10-31 01:10:52'),
(133, 132, '0', '2021-10-31 01:10:52', '2021-10-31 01:10:52'),
(134, 133, '6', '2021-10-31 01:10:52', '2021-10-31 01:10:52'),
(135, 134, '1', '2021-10-31 01:10:52', '2021-10-31 01:10:52'),
(136, 135, '8', '2021-10-31 01:10:52', '2021-10-31 01:10:52'),
(137, 136, '1', '2021-10-31 01:10:52', '2021-10-31 01:10:52'),
(138, 137, '7', '2021-10-31 01:10:52', '2021-10-31 01:10:52'),
(139, 138, '3', '2021-10-31 01:10:52', '2021-10-31 01:10:52'),
(140, 139, '7', '2021-10-31 01:10:52', '2021-10-31 01:10:52'),
(141, 140, '4', '2021-10-31 01:10:52', '2021-10-31 01:10:52'),
(142, 141, '8', '2021-10-31 01:10:52', '2021-10-31 01:10:52'),
(143, 142, '2', '2021-10-31 01:10:52', '2021-10-31 01:10:52'),
(144, 143, '6', '2021-10-31 01:10:52', '2021-10-31 01:10:52'),
(145, 144, '9', '2021-10-31 01:10:52', '2021-10-31 01:10:52'),
(146, 145, '0', '2021-10-31 01:10:52', '2021-10-31 01:10:52'),
(147, 146, '7', '2021-10-31 01:10:52', '2021-10-31 01:10:52'),
(148, 147, '4', '2021-10-31 01:10:52', '2021-10-31 01:10:52'),
(149, 148, '2', '2021-10-31 01:10:52', '2021-10-31 01:10:52'),
(150, 149, '8', '2021-10-31 01:10:52', '2021-10-31 01:10:52'),
(151, 150, '0', '2021-10-31 01:10:52', '2021-10-31 01:10:52'),
(152, 151, '1', '2021-10-31 01:10:52', '2021-10-31 01:10:52'),
(153, 152, '9', '2021-10-31 01:10:52', '2021-10-31 01:10:52'),
(154, 153, '6', '2021-10-31 01:10:52', '2021-10-31 01:10:52'),
(155, 154, '9', '2021-10-31 01:10:53', '2021-10-31 01:10:53'),
(156, 155, '7', '2021-10-31 01:10:53', '2021-10-31 01:10:53'),
(157, 156, '3', '2021-10-31 01:10:53', '2021-10-31 01:10:53'),
(158, 157, '9', '2021-10-31 01:10:53', '2021-10-31 01:10:53'),
(159, 158, '6', '2021-10-31 01:10:53', '2021-10-31 01:10:53'),
(160, 159, '6', '2021-10-31 01:10:53', '2021-10-31 01:10:53'),
(161, 160, '7', '2021-10-31 01:10:53', '2021-10-31 01:10:53'),
(162, 161, '1', '2021-10-31 01:10:53', '2021-10-31 01:10:53'),
(163, 162, '0', '2021-10-31 01:10:53', '2021-10-31 01:10:53'),
(164, 163, '5', '2021-10-31 01:10:53', '2021-10-31 01:10:53'),
(165, 164, '2', '2021-10-31 01:10:53', '2021-10-31 01:10:53'),
(166, 165, '1', '2021-10-31 01:10:53', '2021-10-31 01:10:53'),
(167, 166, '5', '2021-10-31 01:10:53', '2021-10-31 01:10:53'),
(168, 167, '3', '2021-10-31 01:10:53', '2021-10-31 01:10:53'),
(169, 168, '6', '2021-10-31 01:10:53', '2021-10-31 01:10:53'),
(170, 169, '3', '2021-10-31 01:10:53', '2021-10-31 01:10:53'),
(171, 170, '1', '2021-10-31 01:10:53', '2021-10-31 01:10:53'),
(172, 171, '7', '2021-10-31 01:10:54', '2021-10-31 01:10:54'),
(173, 172, '6', '2021-10-31 01:10:54', '2021-10-31 01:10:54'),
(174, 173, '2', '2021-10-31 01:10:54', '2021-10-31 01:10:54'),
(175, 174, '5', '2021-10-31 01:10:54', '2021-10-31 01:10:54'),
(176, 175, '0', '2021-10-31 01:10:54', '2021-10-31 01:10:54'),
(177, 176, '8', '2021-10-31 01:10:54', '2021-10-31 01:10:54'),
(178, 177, '2', '2021-10-31 01:10:54', '2021-10-31 01:10:54'),
(179, 178, '6', '2021-10-31 01:10:54', '2021-10-31 01:10:54'),
(180, 179, '3', '2021-10-31 01:10:54', '2021-10-31 01:10:54'),
(181, 180, '6', '2021-10-31 01:10:54', '2021-10-31 01:10:54'),
(182, 181, '3', '2021-10-31 01:10:54', '2021-10-31 01:10:54'),
(183, 182, '2', '2021-10-31 01:10:54', '2021-10-31 01:10:54'),
(184, 183, '5', '2021-10-31 01:10:54', '2021-10-31 01:10:54'),
(185, 184, '4', '2021-10-31 01:10:54', '2021-10-31 01:10:54'),
(186, 185, '6', '2021-10-31 01:10:54', '2021-10-31 01:10:54'),
(187, 186, '3', '2021-10-31 01:10:54', '2021-10-31 01:10:54'),
(188, 187, '9', '2021-10-31 01:10:54', '2021-10-31 01:10:54'),
(189, 188, '4', '2021-10-31 01:10:54', '2021-10-31 01:10:54'),
(190, 189, '6', '2021-10-31 01:10:54', '2021-10-31 01:10:54'),
(191, 190, '3', '2021-10-31 01:10:54', '2021-10-31 01:10:54'),
(192, 191, '0', '2021-10-31 01:10:54', '2021-10-31 01:10:54'),
(193, 192, '2', '2021-10-31 01:10:54', '2021-10-31 01:10:54'),
(194, 193, '4', '2021-10-31 01:10:54', '2021-10-31 01:10:54'),
(195, 194, '7', '2021-10-31 01:10:55', '2021-10-31 01:10:55'),
(196, 195, '1', '2021-10-31 01:10:55', '2021-10-31 01:10:55'),
(197, 196, '3', '2021-10-31 01:10:55', '2021-10-31 01:10:55'),
(198, 197, '6', '2021-10-31 01:10:55', '2021-10-31 01:10:55'),
(199, 198, '0', '2021-10-31 01:10:55', '2021-10-31 01:10:55'),
(200, 199, '8', '2021-10-31 01:10:55', '2021-10-31 01:10:55'),
(201, 200, '6', '2021-10-31 01:10:55', '2021-10-31 01:10:55'),
(202, 201, '0', '2021-10-31 01:10:55', '2021-10-31 01:10:55'),
(203, 202, '3', '2021-10-31 01:10:55', '2021-10-31 01:10:55'),
(204, 203, '3', '2021-10-31 01:10:55', '2021-10-31 01:10:55'),
(205, 204, '9', '2021-10-31 01:10:55', '2021-10-31 01:10:55'),
(206, 205, '2', '2021-10-31 01:10:55', '2021-10-31 01:10:55'),
(207, 206, '1', '2021-10-31 01:10:55', '2021-10-31 01:10:55'),
(208, 207, '9', '2021-10-31 01:10:55', '2021-10-31 01:10:55'),
(209, 208, '0', '2021-10-31 01:10:55', '2021-10-31 01:10:55'),
(210, 209, '3', '2021-10-31 01:10:55', '2021-10-31 01:10:55'),
(211, 210, '8', '2021-10-31 01:10:55', '2021-10-31 01:10:55'),
(212, 211, '2', '2021-10-31 01:10:55', '2021-10-31 01:10:55'),
(213, 212, '5', '2021-10-31 01:10:55', '2021-10-31 01:10:55'),
(214, 213, '5', '2021-10-31 01:10:55', '2021-10-31 01:10:55'),
(215, 214, '0', '2021-10-31 01:10:55', '2021-10-31 01:10:55'),
(216, 215, '7', '2021-10-31 01:10:55', '2021-10-31 01:10:55'),
(217, 216, '2', '2021-10-31 01:10:55', '2021-10-31 01:10:55'),
(218, 217, '1', '2021-10-31 01:10:55', '2021-10-31 01:10:55'),
(219, 218, '5', '2021-10-31 01:10:55', '2021-10-31 01:10:55'),
(220, 219, '4', '2021-10-31 01:10:56', '2021-10-31 01:10:56'),
(221, 220, '9', '2021-10-31 01:10:56', '2021-10-31 01:10:56'),
(222, 221, '8', '2021-10-31 01:10:56', '2021-10-31 01:10:56'),
(223, 222, '1', '2021-10-31 01:10:56', '2021-10-31 01:10:56'),
(224, 223, '5', '2021-10-31 01:10:56', '2021-10-31 01:10:56'),
(225, 224, '0', '2021-10-31 01:10:56', '2021-10-31 01:10:56'),
(226, 225, '3', '2021-10-31 01:10:56', '2021-10-31 01:10:56'),
(227, 226, '5', '2021-10-31 01:10:56', '2021-10-31 01:10:56'),
(228, 227, '6', '2021-10-31 01:10:56', '2021-10-31 01:10:56'),
(229, 228, '6', '2021-10-31 01:10:56', '2021-10-31 01:10:56'),
(230, 229, '9', '2021-10-31 01:10:56', '2021-10-31 01:10:56'),
(231, 230, '8', '2021-10-31 01:10:56', '2021-10-31 01:10:56'),
(232, 231, '1', '2021-10-31 01:10:56', '2021-10-31 01:10:56'),
(233, 232, '3', '2021-10-31 01:10:57', '2021-10-31 01:10:57'),
(234, 233, '3', '2021-10-31 01:10:57', '2021-10-31 01:10:57'),
(235, 234, '8', '2021-10-31 01:10:57', '2021-10-31 01:10:57'),
(236, 235, '2', '2021-10-31 01:10:57', '2021-10-31 01:10:57'),
(237, 236, '0', '2021-10-31 01:10:57', '2021-10-31 01:10:57'),
(238, 237, '8', '2021-10-31 01:10:57', '2021-10-31 01:10:57'),
(239, 238, '7', '2021-10-31 01:10:57', '2021-10-31 01:10:57'),
(240, 239, '5', '2021-10-31 01:10:57', '2021-10-31 01:10:57'),
(241, 240, '6', '2021-10-31 01:10:57', '2021-10-31 01:10:57'),
(242, 241, '5', '2021-10-31 01:10:57', '2021-10-31 01:10:57'),
(243, 242, '4', '2021-10-31 01:10:57', '2021-10-31 01:10:57'),
(244, 243, '7', '2021-10-31 01:10:57', '2021-10-31 01:10:57'),
(245, 244, '8', '2021-10-31 01:10:57', '2021-10-31 01:10:57'),
(246, 245, '1', '2021-10-31 01:10:57', '2021-10-31 01:10:57'),
(247, 246, '5', '2021-10-31 01:10:57', '2021-10-31 01:10:57'),
(248, 247, '6', '2021-10-31 01:10:57', '2021-10-31 01:10:57'),
(249, 248, '7', '2021-10-31 01:10:57', '2021-10-31 01:10:57'),
(250, 249, '4', '2021-10-31 01:10:57', '2021-10-31 01:10:57'),
(251, 250, '7', '2021-10-31 01:10:57', '2021-10-31 01:10:57'),
(252, 251, '0', '2021-10-31 01:10:58', '2021-10-31 01:10:58'),
(253, 252, '6', '2021-10-31 01:10:58', '2021-10-31 01:10:58'),
(254, 253, '0', '2021-10-31 01:10:58', '2021-10-31 01:10:58'),
(255, 254, '4', '2021-10-31 01:10:58', '2021-10-31 01:10:58'),
(256, 255, '1', '2021-10-31 01:10:58', '2021-10-31 01:10:58'),
(257, 256, '4', '2021-10-31 01:10:58', '2021-10-31 01:10:58'),
(258, 257, '4', '2021-10-31 01:10:58', '2021-10-31 01:10:58'),
(259, 258, '6', '2021-10-31 01:10:58', '2021-10-31 01:10:58'),
(260, 259, '2', '2021-10-31 01:10:58', '2021-10-31 01:10:58'),
(261, 260, '2', '2021-10-31 01:10:58', '2021-10-31 01:10:58'),
(262, 261, '2', '2021-10-31 01:10:58', '2021-10-31 01:10:58'),
(263, 262, '1', '2021-10-31 01:10:58', '2021-10-31 01:10:58'),
(264, 263, '7', '2021-10-31 01:10:58', '2021-10-31 01:10:58'),
(265, 264, '7', '2021-10-31 01:10:58', '2021-10-31 01:10:58'),
(266, 265, '8', '2021-10-31 01:10:58', '2021-10-31 01:10:58'),
(267, 266, '5', '2021-10-31 01:10:58', '2021-10-31 01:10:58'),
(268, 267, '6', '2021-10-31 01:10:58', '2021-10-31 01:10:58'),
(269, 268, '0', '2021-10-31 01:10:58', '2021-10-31 01:10:58'),
(270, 269, '2', '2021-10-31 01:10:58', '2021-10-31 01:10:58'),
(271, 270, '3', '2021-10-31 01:10:58', '2021-10-31 01:10:58'),
(272, 271, '4', '2021-10-31 01:10:58', '2021-10-31 01:10:58'),
(273, 272, '7', '2021-10-31 01:10:58', '2021-10-31 01:10:58'),
(274, 273, '8', '2021-10-31 01:10:58', '2021-10-31 01:10:58'),
(275, 274, '3', '2021-10-31 01:10:58', '2021-10-31 01:10:58'),
(276, 275, '0', '2021-10-31 01:10:58', '2021-10-31 01:10:58'),
(277, 276, '6', '2021-10-31 01:10:58', '2021-10-31 01:10:58'),
(278, 277, '2', '2021-10-31 01:10:59', '2021-10-31 01:10:59'),
(279, 278, '6', '2021-10-31 01:10:59', '2021-10-31 01:10:59'),
(280, 279, '5', '2021-10-31 01:10:59', '2021-10-31 01:10:59'),
(281, 280, '1', '2021-10-31 01:10:59', '2021-10-31 01:10:59'),
(282, 281, '3', '2021-10-31 01:10:59', '2021-10-31 01:10:59'),
(283, 282, '3', '2021-10-31 01:10:59', '2021-10-31 01:10:59'),
(284, 283, '1', '2021-10-31 01:10:59', '2021-10-31 01:10:59'),
(285, 284, '0', '2021-10-31 01:10:59', '2021-10-31 01:10:59'),
(286, 285, '0', '2021-10-31 01:10:59', '2021-10-31 01:10:59'),
(287, 286, '4', '2021-10-31 01:10:59', '2021-10-31 01:10:59'),
(288, 287, '6', '2021-10-31 01:10:59', '2021-10-31 01:10:59'),
(289, 288, '2', '2021-10-31 01:10:59', '2021-10-31 01:10:59'),
(290, 289, '6', '2021-10-31 01:10:59', '2021-10-31 01:10:59'),
(291, 290, '1', '2021-10-31 01:10:59', '2021-10-31 01:10:59'),
(292, 291, '3', '2021-10-31 01:10:59', '2021-10-31 01:10:59'),
(293, 292, '8', '2021-10-31 01:10:59', '2021-10-31 01:10:59'),
(294, 293, '6', '2021-10-31 01:10:59', '2021-10-31 01:10:59'),
(295, 294, '5', '2021-10-31 01:10:59', '2021-10-31 01:10:59'),
(296, 295, '2', '2021-10-31 01:10:59', '2021-10-31 01:10:59'),
(297, 296, '6', '2021-10-31 01:10:59', '2021-10-31 01:10:59'),
(298, 297, '7', '2021-10-31 01:10:59', '2021-10-31 01:10:59'),
(299, 298, '8', '2021-10-31 01:10:59', '2021-10-31 01:10:59'),
(300, 299, '8', '2021-10-31 01:10:59', '2021-10-31 01:10:59');

-- --------------------------------------------------------

--
-- Table structure for table `users`
--

CREATE TABLE `users` (
  `id` bigint(20) UNSIGNED NOT NULL,
  `name` varchar(255) COLLATE utf8mb4_unicode_ci NOT NULL,
  `email` varchar(255) COLLATE utf8mb4_unicode_ci NOT NULL,
  `email_verified_at` timestamp NULL DEFAULT NULL,
  `password` varchar(255) COLLATE utf8mb4_unicode_ci NOT NULL,
  `remember_token` varchar(100) COLLATE utf8mb4_unicode_ci DEFAULT NULL,
  `created_at` timestamp NULL DEFAULT NULL,
  `updated_at` timestamp NULL DEFAULT NULL
) ENGINE=InnoDB DEFAULT CHARSET=utf8mb4 COLLATE=utf8mb4_unicode_ci;

--
-- Indexes for dumped tables
--

--
-- Indexes for table `categories`
--
ALTER TABLE `categories`
  ADD PRIMARY KEY (`id`);

--
-- Indexes for table `failed_jobs`
--
ALTER TABLE `failed_jobs`
  ADD PRIMARY KEY (`id`),
  ADD UNIQUE KEY `failed_jobs_uuid_unique` (`uuid`);

--
-- Indexes for table `migrations`
--
ALTER TABLE `migrations`
  ADD PRIMARY KEY (`id`);

--
-- Indexes for table `password_resets`
--
ALTER TABLE `password_resets`
  ADD KEY `password_resets_email_index` (`email`);

--
-- Indexes for table `personal_access_tokens`
--
ALTER TABLE `personal_access_tokens`
  ADD PRIMARY KEY (`id`),
  ADD UNIQUE KEY `personal_access_tokens_token_unique` (`token`),
  ADD KEY `personal_access_tokens_tokenable_type_tokenable_id_index` (`tokenable_type`,`tokenable_id`);

--
-- Indexes for table `products`
--
ALTER TABLE `products`
  ADD PRIMARY KEY (`id`);

--
-- Indexes for table `product_details`
--
ALTER TABLE `product_details`
  ADD PRIMARY KEY (`id`);

--
-- Indexes for table `users`
--
ALTER TABLE `users`
  ADD PRIMARY KEY (`id`),
  ADD UNIQUE KEY `users_email_unique` (`email`);

--
-- AUTO_INCREMENT for dumped tables
--

--
-- AUTO_INCREMENT for table `categories`
--
ALTER TABLE `categories`
  MODIFY `id` bigint(20) UNSIGNED NOT NULL AUTO_INCREMENT, AUTO_INCREMENT=301;

--
-- AUTO_INCREMENT for table `failed_jobs`
--
ALTER TABLE `failed_jobs`
  MODIFY `id` bigint(20) UNSIGNED NOT NULL AUTO_INCREMENT;

--
-- AUTO_INCREMENT for table `migrations`
--
ALTER TABLE `migrations`
  MODIFY `id` int(10) UNSIGNED NOT NULL AUTO_INCREMENT, AUTO_INCREMENT=8;

--
-- AUTO_INCREMENT for table `personal_access_tokens`
--
ALTER TABLE `personal_access_tokens`
  MODIFY `id` bigint(20) UNSIGNED NOT NULL AUTO_INCREMENT;

--
-- AUTO_INCREMENT for table `products`
--
ALTER TABLE `products`
  MODIFY `id` bigint(20) UNSIGNED NOT NULL AUTO_INCREMENT, AUTO_INCREMENT=301;

--
-- AUTO_INCREMENT for table `product_details`
--
ALTER TABLE `product_details`
  MODIFY `id` bigint(20) UNSIGNED NOT NULL AUTO_INCREMENT, AUTO_INCREMENT=301;

--
-- AUTO_INCREMENT for table `users`
--
ALTER TABLE `users`
  MODIFY `id` bigint(20) UNSIGNED NOT NULL AUTO_INCREMENT;
COMMIT;

/*!40101 SET CHARACTER_SET_CLIENT=@OLD_CHARACTER_SET_CLIENT */;
/*!40101 SET CHARACTER_SET_RESULTS=@OLD_CHARACTER_SET_RESULTS */;
/*!40101 SET COLLATION_CONNECTION=@OLD_COLLATION_CONNECTION */;
